DistrictName,language,families
Auburn School District,Acholi,1
Auburn School District,American Sign Language,7
Auburn School District,Amharic,17
Auburn School District,Arabic,90
Auburn School District,Ayula-Bambara,6
Auburn School District,Burmese,27
Auburn School District,Cebuano,5
Auburn School District,Chin,2
Auburn School District,Chinese-Cantonese,2
Auburn School District,Chinese-Mandarin,10
Auburn School District,Chinese-Taiwanese,3
Auburn School District,Chuukese,6
Auburn School District,Dari,679
Auburn School District,Dinka,8
Auburn School District,Ewe,2
Auburn School District,Farsi,16
Auburn School District,French,25
Auburn School District,Fula,4
Auburn School District,German,1
Auburn School District,Haitian Creole,4
Auburn School District,Hausa,1
Auburn School District,Hawaiian,2
Auburn School District,Hindi,10
Auburn School District,Igbo,2
Auburn School District,Ilokano,7
Auburn School District,Italian,1
Auburn School District,Japanese,16
Auburn School District,Kakwa,1
Auburn School District,Karen,1
Auburn School District,Khmer,49
Auburn School District,Kinyarwanda,4
Auburn School District,Korean,32
Auburn School District,Kosraean,9
Auburn School District,Krahn,1
Auburn School District,Kurdish,29
Auburn School District,Lao,33
Auburn School District,Luganda,2
Auburn School District,Maay Maay,4
Auburn School District,Malayalam,2
Auburn School District,Mam,1
Auburn School District,Mandingo,5
Auburn School District,Mandinka,2
Auburn School District,Marshallese,342
Auburn School District,Mien,4
Auburn School District,Mongolian,2
Auburn School District,Moore,3
Auburn School District,"Nahuatl, Guerrero region",1
Auburn School District,Nepali,22
Auburn School District,Nuer,1
Auburn School District,Oromo,1
Auburn School District,Pashto,229
Auburn School District,Polish,2
Auburn School District,Portuguese,12
Auburn School District,Punjabi,152
Auburn School District,Romanian,3
Auburn School District,Russian,176
Auburn School District,Samoan,33
Auburn School District,Somali,71
Auburn School District,Spanish,3432
Auburn School District,Swahili,28
Auburn School District,Tagalog,56
Auburn School District,Thai,7
Auburn School District,Tigrinya,28
Auburn School District,Tongan,19
Auburn School District,Turkish,26
Auburn School District,Ukrainian,737
Auburn School District,Urdu,7
Auburn School District,Vietnamese,136
Auburn School District,Wolof,2
Auburn School District,Yoruba,2
Federal Way School District,Akateko,3
Federal Way School District,American Sign Language,9
Federal Way School District,Amharic,29
Federal Way School District,Arabic,71
Federal Way School District,Azerbaijani,1
Federal Way School District,Bangala,1
Federal Way School District,Bengali,2
Federal Way School District,Bulgarian,2
Federal Way School District,Burmese,4
Federal Way School District,Cebuano,2
Federal Way School District,Chamorro,2
Federal Way School District,Chin,1
Federal Way School District,Chinese-Cantonese,27
Federal Way School District,Chinese-Mandarin,34
Federal Way School District,Chinese-Taiwanese,1
Federal Way School District,Chuukese,22
Federal Way School District,Dari,863
Federal Way School District,Dinka,6
Federal Way School District,Dutch,1
Federal Way School District,Farsi,68
Federal Way School District,French,67
Federal Way School District,Gujarati,2
Federal Way School District,Haitian Creole,29
Federal Way School District,Herero,1
Federal Way School District,Hindi,4
Federal Way School District,Ilokano,1
Federal Way School District,Indonesian,2
Federal Way School District,Japanese,2
Federal Way School District,Kakwa,3
Federal Way School District,Karen,1
Federal Way School District,Khmer,18
Federal Way School District,Kikuyu,2
Federal Way School District,Kinyarwanda,2
Federal Way School District,Korean,54
Federal Way School District,Kosraean,4
Federal Way School District,Kru,1
Federal Way School District,Kurdish,2
Federal Way School District,Lao,1
Federal Way School District,Lingala,11
Federal Way School District,Malay,1
Federal Way School District,Malayalam,2
Federal Way School District,Mandingo,1
Federal Way School District,Marshallese,21
Federal Way School District,Mongolian,6
Federal Way School District,Moore,1
Federal Way School District,Nepali,2
Federal Way School District,Oromo,4
Federal Way School District,Pashai,1
Federal Way School District,Pashto,283
Federal Way School District,Polish,1
Federal Way School District,Portuguese,28
Federal Way School District,Punjabi,36
Federal Way School District,Rohingya,3
Federal Way School District,Romanian,1
Federal Way School District,Russian,197
Federal Way School District,Samoan,13
Federal Way School District,Somali,141
Federal Way School District,Soninke,1
Federal Way School District,Spanish,3480
Federal Way School District,Swahili,23
Federal Way School District,Tagalog,18
Federal Way School District,Taishanese,2
Federal Way School District,Tamil,1
Federal Way School District,Tedim,1
Federal Way School District,Thai,2
Federal Way School District,Tigrinya,6
Federal Way School District,Tongan,3
Federal Way School District,Turkish,11
Federal Way School District,Twi,2
Federal Way School District,Ukrainian,373
Federal Way School District,Urdu,4
Federal Way School District,Vietnamese,132
Federal Way School District,Wolof,2
Highline School District,Albanian,1
Highline School District,American Sign Language,1
Highline School District,Amharic,164
Highline School District,Arabic,58
Highline School District,Bambara,2
Highline School District,Bengali,5
Highline School District,Bosnian,4
Highline School District,Burmese,17
Highline School District,Cham,5
Highline School District,Chin,1
Highline School District,Chinese-Cantonese,10
Highline School District,Chinese-Mandarin,11
Highline School District,Chuukese,15
Highline School District,Dari,203
Highline School District,Eritai,1
Highline School District,Fallani,2
Highline School District,Farsi,46
Highline School District,French,67
Highline School District,Fula,2
Highline School District,"Greek, Modern",1
Highline School District,Gujarati,4
Highline School District,Haitian Creole,10
Highline School District,Hindi,9
Highline School District,Ilokano,1
Highline School District,Karen,1
Highline School District,Khmer,45
Highline School District,Kinyarwanda,4
Highline School District,Korean,3
Highline School District,Kosraean,8
Highline School District,Lao,2
Highline School District,Lingala,15
Highline School District,Mam,3
Highline School District,Marshallese,10
Highline School District,Maya-Quiche,3
Highline School District,Mien,1
Highline School District,Nepali,11
Highline School District,Oromo,20
Highline School District,Palau,1
Highline School District,Pashto,94
Highline School District,Portuguese,37
Highline School District,Punjabi,35
Highline School District,Romanian,1
Highline School District,Russian,32
Highline School District,Samoan,8
Highline School District,Somali,215
Highline School District,Soninke,4
Highline School District,Spanish,5408
Highline School District,Swahili,19
Highline School District,Tagalog,26
Highline School District,Tarasco,3
Highline School District,Tedim,7
Highline School District,Thai,7
Highline School District,Tibetan,1
Highline School District,Tigrinya,54
Highline School District,Tongan,2
Highline School District,Turkish,1
Highline School District,Ukrainian,28
Highline School District,Urdu,4
Highline School District,Uzbek,5
Highline School District,Vietnamese,459
Kent School District,Aguacateco,2
Kent School District,Albanian,2
Kent School District,American Sign Language,7
Kent School District,Amharic,125
Kent School District,Arabic,270
Kent School District,Azerbaijani,1
Kent School District,Bangala,3
Kent School District,Bengali,9
Kent School District,Bosnian,2
Kent School District,Bulgarian,3
Kent School District,Burmese,114
Kent School District,Carolinian,1
Kent School District,Cebuano,9
Kent School District,Cham,2
Kent School District,Chamorro,5
Kent School District,Chinese-Cantonese,177
Kent School District,Chinese-Mandarin,85
Kent School District,Chinese-Taiwanese,2
Kent School District,Chuukese,50
Kent School District,Dari,962
Kent School District,Dinka,6
Kent School District,Dutch,2
Kent School District,Eritai,2
Kent School District,Fallani,2
Kent School District,Farsi,135
Kent School District,French,71
Kent School District,Fula,8
Kent School District,Ga,1
Kent School District,German,2
Kent School District,Gujarati,1
Kent School District,Haitian Creole,1
Kent School District,Hausa,3
Kent School District,Hindi,63
Kent School District,Hmong,7
Kent School District,Hungarian,2
Kent School District,Igbo,2
Kent School District,Ilokano,19
Kent School District,Indonesian,7
Kent School District,Italian,2
Kent School District,Japanese,8
Kent School District,Kannada,1
Kent School District,Karen,13
Kent School District,Karenni,5
Kent School District,Khmer,124
Kent School District,Kikuyu,4
Kent School District,Kinyarwanda,9
Kent School District,Kirundi,10
Kent School District,Kmhmu,2
Kent School District,Korean,22
Kent School District,Kosraean,31
Kent School District,Krahn,1
Kent School District,Krio,1
Kent School District,Kurdish,18
Kent School District,Lao,20
Kent School District,Latvian,2
Kent School District,Lingala,13
Kent School District,Maay Maay,10
Kent School District,Malay,1
Kent School District,Malayalam,7
Kent School District,Mandingo,2
Kent School District,Marshallese,62
Kent School District,Mien,14
Kent School District,Moldavian,1
Kent School District,Nepali,78
Kent School District,Nuer,4
Kent School District,Oromo,13
Kent School District,Palau,13
Kent School District,Pashto,351
Kent School District,Pere,2
Kent School District,Portuguese,39
Kent School District,Punjabi,500
Kent School District,Rohingya,3
Kent School District,Romanian,29
Kent School District,Russian,352
Kent School District,Samoan,43
Kent School District,Sao,1
Kent School District,Serbo-Croation,2
Kent School District,Sinhalese,2
Kent School District,Somali,405
Kent School District,Soninke,3
Kent School District,Sotho,2
Kent School District,Spanish,3724
Kent School District,Swahili,35
Kent School District,Tagalog,166
Kent School District,Taishanese,6
Kent School District,Tajiki,2
Kent School District,Tamil,8
Kent School District,Tarasco,2
Kent School District,Telugu,10
Kent School District,Thai,13
Kent School District,Tigrinya,25
Kent School District,Tongan,15
Kent School District,Turkish,109
Kent School District,Twi,2
Kent School District,Ukrainian,537
Kent School District,Urdu,31
Kent School District,Uzbek,9
Kent School District,Vietnamese,535
Kent School District,Wolof,15
Kent School District,Yap,4
Renton School District,Albanian,6
Renton School District,American Sign Language,10
Renton School District,Amharic,67
Renton School District,Arabic,72
Renton School District,Armenian,3
Renton School District,Azerbaijani,1
Renton School District,Bassa,1
Renton School District,Bengali,6
Renton School District,Bosnian,1
Renton School District,Bulgarian,1
Renton School District,Burmese,9
Renton School District,Catalan,1
Renton School District,Cebuano,4
Renton School District,Cham,12
Renton School District,Chin,3
Renton School District,Chinese-Cantonese,189
Renton School District,Chinese-Fukienese,2
Renton School District,Chinese-Mandarin,108
Renton School District,Chinese-Taiwanese,3
Renton School District,Chuukese,10
Renton School District,Dari,199
Renton School District,Dinka,3
Renton School District,Egyptian-Arabic,2
Renton School District,Estonian,2
Renton School District,Farsi,52
Renton School District,French,11
Renton School District,Fula,2
Renton School District,German,2
Renton School District,"Greek, Modern",2
Renton School District,Gujarati,9
Renton School District,Haitian Creole,1
Renton School District,Hawaiian,3
Renton School District,Hindi,29
Renton School District,Hmong,6
Renton School District,Ilokano,13
Renton School District,Indonesian,2
Renton School District,Italian,1
Renton School District,Japanese,17
Renton School District,Kannada,1
Renton School District,Kazakh,2
Renton School District,Khmer,35
Renton School District,Kirgiz,1
Renton School District,Kongo,2
Renton School District,Korean,28
Renton School District,Kurdish,2
Renton School District,Lao,11
Renton School District,Lingala,6
Renton School District,Luganda,6
Renton School District,Malay,1
Renton School District,Malayalam,2
Renton School District,Mandinka,2
Renton School District,Marathi,4
Renton School District,Marquesan,2
Renton School District,Marshallese,7
Renton School District,Maya-Quiche,1
Renton School District,Mien,9
Renton School District,Mixteco,2
Renton School District,Mongolian,3
Renton School District,Nepali,8
Renton School District,Nuer,2
Renton School District,Oromo,35
Renton School District,Pashto,103
Renton School District,Portuguese,64
Renton School District,Punjabi,56
Renton School District,Purepecha,2
Renton School District,Romanian,38
Renton School District,Russian,105
Renton School District,Samoan,3
Renton School District,Serbo-Croation,1
Renton School District,Shona,2
Renton School District,Slovenian,1
Renton School District,Somali,115
Renton School District,Soninke,20
Renton School District,Spanish,2695
Renton School District,Swahili,17
Renton School District,Tagalog,63
Renton School District,Taishanese,8
Renton School District,Tamil,10
Renton School District,Telugu,9
Renton School District,Thai,3
Renton School District,Tigrinya,41
Renton School District,Tongan,4
Renton School District,Turkish,10
Renton School District,Ukrainian,103
Renton School District,Urdu,5
Renton School District,Vietnamese,635
Renton School District,Wolof,9
Tukwila School District,Amharic,30
Tukwila School District,Arabic,59
Tukwila School District,Bengali,1
Tukwila School District,Bosnian,9
Tukwila School District,Burmese,78
Tukwila School District,Cham,2
Tukwila School District,Chamorro,2
Tukwila School District,Chinese-Cantonese,7
Tukwila School District,Chinese-Taiwanese,1
Tukwila School District,Chuukese,8
Tukwila School District,Dari,134
Tukwila School District,Dinka,1
Tukwila School District,Fallani,1
Tukwila School District,Farsi,11
Tukwila School District,French,54
Tukwila School District,Fula,3
Tukwila School District,Haitian Creole,1
Tukwila School District,Hawaiian,2
Tukwila School District,Hindi,1
Tukwila School District,Ilokano,2
Tukwila School District,Karen,8
Tukwila School District,Khmer,21
Tukwila School District,Kikuyu,1
Tukwila School District,Kinyarwanda,4
Tukwila School District,Kirundi,2
Tukwila School District,Krio,1
Tukwila School District,Lao,4
Tukwila School District,Lingala,17
Tukwila School District,Malay,1
Tukwila School District,Malayalam,1
Tukwila School District,Marshallese,4
Tukwila School District,Nepali,29
Tukwila School District,Oromo,11
Tukwila School District,Pashto,67
Tukwila School District,Portuguese,157
Tukwila School District,Punjabi,6
Tukwila School District,Romanian,1
Tukwila School District,Russian,11
Tukwila School District,Samoan,11
Tukwila School District,Somali,131
Tukwila School District,Soninke,1
Tukwila School District,Spanish,830
Tukwila School District,Swahili,6
Tukwila School District,Tagalog,24
Tukwila School District,Tedim,9
Tukwila School District,Thai,3
Tukwila School District,Tigrinya,21
Tukwila School District,Tongan,3
Tukwila School District,Turkish,4
Tukwila School District,Twi,1
Tukwila School District,Ukrainian,3
Tukwila School District,Uzbek,3
Tukwila School District,Vietnamese,136
