puma,language,people,puma_name
23307,Spanish,17743,Auburn
23307,Ukrainian,4044,Auburn
23307,Russian,3461,Auburn
23307,Vietnamese,2362,Auburn
23307,Tagalog,1864,Auburn
23307,Korean,1759,Auburn
23307,Punjabi,1745,Auburn
23307,Marshallese,1194,Auburn
23307,Swahili,753,Auburn
23307,Somali,626,Auburn
23307,Farsi,577,Auburn
23307,Samoan,518,Auburn
23307,Arabic,510,Auburn
23307,Khmer,454,Auburn
23307,Pashto,436,Auburn
23307,Dari,427,Auburn
23307,Lao,421,Auburn
23307,Filipino,409,Auburn
23307,Amharic,399,Auburn
23307,Chinese,390,Auburn
23307,Mandarin,349,Auburn
23307,Igbo,327,Auburn
23307,Japanese,283,Auburn
23307,Turkish,263,Auburn
23307,Other Bantu languages,228,Auburn
23307,Cantonese,226,Auburn
23307,Hindi,220,Auburn
23307,French,211,Auburn
23307,Polish,178,Auburn
23307,Other Native North American languages,172,Auburn
23307,Other and unspecified languages,146,Auburn
23307,Ilocano,143,Auburn
23307,Portuguese,133,Auburn
23307,Thai,121,Auburn
23307,Dutch,107,Auburn
23307,Cebuano,91,Auburn
23307,Tamil,87,Auburn
23307,Bengali,82,Auburn
23307,German,77,Auburn
23307,Malayalam,74,Auburn
23307,Nepali,68,Auburn
23307,Greek,61,Auburn
23307,Kurdish,61,Auburn
23307,Iu Mien,60,Auburn
23307,Yoruba,58,Auburn
23307,Czech,55,Auburn
23307,Nilo-Saharan languages,49,Auburn
23307,Other languages of Africa,46,Auburn
23307,Tongan,44,Auburn
23307,Other Eastern Malayo-Polynesian languages,39,Auburn
23307,Hungarian,38,Auburn
23307,Italian,37,Auburn
23307,Telugu,37,Auburn
23307,Hebrew,27,Auburn
23307,Romanian,27,Auburn
23307,Bulgarian,26,Auburn
23307,Afrikaans,24,Auburn
23307,Jamaican Creole English,21,Auburn
23307,Other languages of Asia,18,Auburn
23307,Norwegian,15,Auburn
23307,Other Philippine languages,14,Auburn
23307,Other Indo-European languages,13,Auburn
23307,Indonesian,12,Auburn
23307,Apache languages,10,Auburn
23307,Mongolian,7,Auburn
23307,Haitian,6,Auburn
23307,Irish,4,Auburn
23307,Yiddish,2,Auburn
23308,Spanish,19199,Federal Way / Des Moines / Vashon
23308,Korean,2706,Federal Way / Des Moines / Vashon
23308,Vietnamese,2688,Federal Way / Des Moines / Vashon
23308,Tagalog,2213,Federal Way / Des Moines / Vashon
23308,Swahili,2175,Federal Way / Des Moines / Vashon
23308,Russian,2020,Federal Way / Des Moines / Vashon
23308,Somali,1622,Federal Way / Des Moines / Vashon
23308,Samoan,1567,Federal Way / Des Moines / Vashon
23308,Arabic,1009,Federal Way / Des Moines / Vashon
23308,Ukrainian,905,Federal Way / Des Moines / Vashon
23308,Chinese,843,Federal Way / Des Moines / Vashon
23308,Farsi,834,Federal Way / Des Moines / Vashon
23308,Amharic,798,Federal Way / Des Moines / Vashon
23308,Dari,662,Federal Way / Des Moines / Vashon
23308,Filipino,627,Federal Way / Des Moines / Vashon
23308,French,610,Federal Way / Des Moines / Vashon
23308,Cantonese,553,Federal Way / Des Moines / Vashon
23308,Tongan,443,Federal Way / Des Moines / Vashon
23308,Khmer,441,Federal Way / Des Moines / Vashon
23308,Portuguese,413,Federal Way / Des Moines / Vashon
23308,Japanese,346,Federal Way / Des Moines / Vashon
23308,Polish,326,Federal Way / Des Moines / Vashon
23308,Malayalam,296,Federal Way / Des Moines / Vashon
23308,German,264,Federal Way / Des Moines / Vashon
23308,Hindi,234,Federal Way / Des Moines / Vashon
23308,Chamorro,214,Federal Way / Des Moines / Vashon
23308,Akan (including Twi),202,Federal Way / Des Moines / Vashon
23308,Other Eastern Malayo-Polynesian languages,196,Federal Way / Des Moines / Vashon
23308,Urdu,188,Federal Way / Des Moines / Vashon
23308,Igbo,186,Federal Way / Des Moines / Vashon
23308,Punjabi,180,Federal Way / Des Moines / Vashon
23308,Other Bantu languages,174,Federal Way / Des Moines / Vashon
23308,Pashto,162,Federal Way / Des Moines / Vashon
23308,Cebuano,145,Federal Way / Des Moines / Vashon
23308,Other Afro-Asiatic languages,134,Federal Way / Des Moines / Vashon
23308,Thai,130,Federal Way / Des Moines / Vashon
23308,Tigrinya,128,Federal Way / Des Moines / Vashon
23308,Turkish,127,Federal Way / Des Moines / Vashon
23308,Romanian,113,Federal Way / Des Moines / Vashon
23308,Haitian,108,Federal Way / Des Moines / Vashon
23308,Mongolian,101,Federal Way / Des Moines / Vashon
23308,Indonesian,89,Federal Way / Des Moines / Vashon
23308,Mandarin,86,Federal Way / Des Moines / Vashon
23308,Oromo,84,Federal Way / Des Moines / Vashon
23308,Ganda,83,Federal Way / Des Moines / Vashon
23308,Lao,81,Federal Way / Des Moines / Vashon
23308,Hebrew,78,Federal Way / Des Moines / Vashon
23308,Italian,68,Federal Way / Des Moines / Vashon
23308,Burmese,62,Federal Way / Des Moines / Vashon
23308,Nepali,62,Federal Way / Des Moines / Vashon
23308,Swedish,62,Federal Way / Des Moines / Vashon
23308,Yoruba,56,Federal Way / Des Moines / Vashon
23308,Gbe languages,49,Federal Way / Des Moines / Vashon
23308,Serbian,45,Federal Way / Des Moines / Vashon
23308,Ilocano,43,Federal Way / Des Moines / Vashon
23308,Serbo-Croatian,43,Federal Way / Des Moines / Vashon
23308,Chuukese,42,Federal Way / Des Moines / Vashon
23308,Dutch,40,Federal Way / Des Moines / Vashon
23308,Bengali,36,Federal Way / Des Moines / Vashon
23308,Min Nan Chinese,36,Federal Way / Des Moines / Vashon
23308,Other English-based Creole languages,31,Federal Way / Des Moines / Vashon
23308,Other Philippine languages,30,Federal Way / Des Moines / Vashon
23308,Norwegian,28,Federal Way / Des Moines / Vashon
23308,Greek,23,Federal Way / Des Moines / Vashon
23308,Bosnian,21,Federal Way / Des Moines / Vashon
23308,Fulah,21,Federal Way / Des Moines / Vashon
23308,Hmong,19,Federal Way / Des Moines / Vashon
23308,Jamaican Creole English,18,Federal Way / Des Moines / Vashon
23308,Latvian,18,Federal Way / Des Moines / Vashon
23308,Lithuanian,17,Federal Way / Des Moines / Vashon
23308,Navajo,17,Federal Way / Des Moines / Vashon
23308,India N.E.C.,14,Federal Way / Des Moines / Vashon
23308,Other Niger-Congo languages,14,Federal Way / Des Moines / Vashon
23308,Manding languages,13,Federal Way / Des Moines / Vashon
23308,Other languages of Asia,13,Federal Way / Des Moines / Vashon
23308,Hungarian,11,Federal Way / Des Moines / Vashon
23308,Irish,10,Federal Way / Des Moines / Vashon
23308,Gujarati,3,Federal Way / Des Moines / Vashon
23308,Other Native North American languages,1,Federal Way / Des Moines / Vashon
23308,Yiddish,1,Federal Way / Des Moines / Vashon
23309,Spanish,16665,Kent
23309,Vietnamese,4198,Kent
23309,Punjabi,4095,Kent
23309,Tagalog,3334,Kent
23309,Ukrainian,3214,Kent
23309,Somali,1948,Kent
23309,Chinese,1896,Kent
23309,Russian,1583,Kent
23309,Dari,1482,Kent
23309,Pashto,1444,Kent
23309,Filipino,1336,Kent
23309,Arabic,1234,Kent
23309,Swahili,1004,Kent
23309,Other Eastern Malayo-Polynesian languages,950,Kent
23309,Hindi,785,Kent
23309,Korean,784,Kent
23309,Khmer,591,Kent
23309,Burmese,581,Kent
23309,Japanese,574,Kent
23309,Samoan,551,Kent
23309,Urdu,539,Kent
23309,Farsi,517,Kent
23309,Fulah,448,Kent
23309,Turkish,439,Kent
23309,Romanian,436,Kent
23309,Mandarin,435,Kent
23309,French,405,Kent
23309,Cantonese,396,Kent
23309,Wolof,382,Kent
23309,Amharic,368,Kent
23309,Nepali,365,Kent
23309,Hmong,300,Kent
23309,Other Afro-Asiatic languages,291,Kent
23309,Thai,286,Kent
23309,Lao,274,Kent
23309,Indonesian,268,Kent
23309,Other Bantu languages,268,Kent
23309,Kurdish,263,Kent
23309,Marshallese,243,Kent
23309,German,236,Kent
23309,Malayalam,236,Kent
23309,Ilocano,218,Kent
23309,Manding languages,184,Kent
23309,Other languages of Asia,171,Kent
23309,Haitian,166,Kent
23309,Telugu,158,Kent
23309,Portuguese,141,Kent
23309,Bengali,128,Kent
23309,Chuukese,116,Kent
23309,Ganda,116,Kent
23309,Oromo,89,Kent
23309,Akan (including Twi),87,Kent
23309,Tigrinya,75,Kent
23309,Bosnian,70,Kent
23309,Bulgarian,68,Kent
23309,Polish,67,Kent
23309,Iu Mien,65,Kent
23309,India N.E.C.,61,Kent
23309,Navajo,58,Kent
23309,Igbo,54,Kent
23309,Tamil,52,Kent
23309,Other English-based Creole languages,45,Kent
23309,Gujarati,41,Kent
23309,Hawaiian,41,Kent
23309,Finnish,39,Kent
23309,Cebuano,32,Kent
23309,Slovak,32,Kent
23309,Italian,30,Kent
23309,Kannada,30,Kent
23309,Irish,25,Kent
23309,Chin languages,24,Kent
23309,Tongan,23,Kent
23309,Croatian,22,Kent
23309,Czech,22,Kent
23309,Norwegian,19,Kent
23309,Swiss German,18,Kent
23309,Other Philippine languages,15,Kent
23309,Malay,12,Kent
23309,Other Indo-Iranian languages,12,Kent
23309,Other Niger-Congo languages,10,Kent
23309,Jamaican Creole English,6,Kent
23309,Greek,4,Kent
23309,Yiddish,1,Kent
23310,Spanish,12188,Renton
23310,Vietnamese,7579,Renton
23310,Chinese,4754,Renton
23310,Tagalog,2548,Renton
23310,Cantonese,1819,Renton
23310,Russian,1621,Renton
23310,Korean,1509,Renton
23310,Khmer,1272,Renton
23310,Somali,1113,Renton
23310,Mandarin,1011,Renton
23310,Hindi,1009,Renton
23310,Amharic,1000,Renton
23310,Tigrinya,944,Renton
23310,Portuguese,939,Renton
23310,Ukrainian,936,Renton
23310,Japanese,780,Renton
23310,Arabic,690,Renton
23310,Filipino,665,Renton
23310,Punjabi,443,Renton
23310,Iu Mien,395,Renton
23310,Manding languages,377,Renton
23310,Other languages of Asia,368,Renton
23310,Lao,349,Renton
23310,Romanian,342,Renton
23310,Tamil,292,Renton
23310,Malayalam,251,Renton
23310,German,239,Renton
23310,Armenian,237,Renton
23310,French,214,Renton
23310,Farsi,194,Renton
23310,Telugu,193,Renton
23310,Albanian,187,Renton
23310,Samoan,187,Renton
23310,Thai,182,Renton
23310,Ilocano,175,Renton
23310,Gujarati,161,Renton
23310,Sinhala,161,Renton
23310,Cebuano,138,Renton
23310,Other Bantu languages,126,Renton
23310,Min Nan Chinese,124,Renton
23310,Italian,113,Renton
23310,Hebrew,109,Renton
23310,Hmong,108,Renton
23310,Urdu,107,Renton
23310,Polish,104,Renton
23310,Marathi,97,Renton
23310,Other Afro-Asiatic languages,97,Renton
23310,Pashto,93,Renton
23310,Other English-based Creole languages,80,Renton
23310,Swahili,79,Renton
23310,Burmese,70,Renton
23310,Hungarian,56,Renton
23310,Other Philippine languages,56,Renton
23310,Bulgarian,50,Renton
23310,Shona,49,Renton
23310,Kannada,43,Renton
23310,Aleut languages,37,Renton
23310,Akan (including Twi),35,Renton
23310,Lithuanian,31,Renton
23310,Bosnian,26,Renton
23310,Croatian,26,Renton
23310,Jamaican Creole English,25,Renton
23310,Haitian,24,Renton
23310,Swedish,24,Renton
23310,Chamorro,23,Renton
23310,Chin languages,23,Renton
23310,Greek,23,Renton
23310,Finnish,21,Renton
23310,India N.E.C.,20,Renton
23310,Yoruba,20,Renton
23310,Other Indo-Iranian languages,18,Renton
23310,Other languages of Africa,18,Renton
23310,Other Eastern Malayo-Polynesian languages,17,Renton
23310,Slovak,11,Renton
23310,Indonesian,10,Renton
23310,Turkish,9,Renton
23311,Spanish,19811,Burien / SeaTac / Tukwila / White Center
23311,Vietnamese,6930,Burien / SeaTac / Tukwila / White Center
23311,Amharic,3274,Burien / SeaTac / Tukwila / White Center
23311,Somali,2565,Burien / SeaTac / Tukwila / White Center
23311,Khmer,1683,Burien / SeaTac / Tukwila / White Center
23311,Tagalog,1402,Burien / SeaTac / Tukwila / White Center
23311,Arabic,934,Burien / SeaTac / Tukwila / White Center
23311,Punjabi,815,Burien / SeaTac / Tukwila / White Center
23311,Chinese,748,Burien / SeaTac / Tukwila / White Center
23311,Other Afro-Asiatic languages,720,Burien / SeaTac / Tukwila / White Center
23311,French,642,Burien / SeaTac / Tukwila / White Center
23311,Urdu,608,Burien / SeaTac / Tukwila / White Center
23311,Korean,498,Burien / SeaTac / Tukwila / White Center
23311,Oromo,479,Burien / SeaTac / Tukwila / White Center
23311,Japanese,475,Burien / SeaTac / Tukwila / White Center
23311,Bosnian,437,Burien / SeaTac / Tukwila / White Center
23311,Samoan,424,Burien / SeaTac / Tukwila / White Center
23311,Filipino,415,Burien / SeaTac / Tukwila / White Center
23311,Other languages of Asia,413,Burien / SeaTac / Tukwila / White Center
23311,Tigrinya,391,Burien / SeaTac / Tukwila / White Center
23311,Chin languages,368,Burien / SeaTac / Tukwila / White Center
23311,Hindi,335,Burien / SeaTac / Tukwila / White Center
23311,Gujarati,285,Burien / SeaTac / Tukwila / White Center
23311,Burmese,262,Burien / SeaTac / Tukwila / White Center
23311,Swahili,259,Burien / SeaTac / Tukwila / White Center
23311,Thai,253,Burien / SeaTac / Tukwila / White Center
23311,Cantonese,242,Burien / SeaTac / Tukwila / White Center
23311,Farsi,242,Burien / SeaTac / Tukwila / White Center
23311,Lao,198,Burien / SeaTac / Tukwila / White Center
23311,Other languages of Africa,194,Burien / SeaTac / Tukwila / White Center
23311,Russian,193,Burien / SeaTac / Tukwila / White Center
23311,Cebuano,192,Burien / SeaTac / Tukwila / White Center
23311,Nepali,167,Burien / SeaTac / Tukwila / White Center
23311,Serbian,167,Burien / SeaTac / Tukwila / White Center
23311,Jamaican Creole English,156,Burien / SeaTac / Tukwila / White Center
23311,Ilocano,148,Burien / SeaTac / Tukwila / White Center
23311,Haitian,144,Burien / SeaTac / Tukwila / White Center
23311,Mandarin,138,Burien / SeaTac / Tukwila / White Center
23311,German,134,Burien / SeaTac / Tukwila / White Center
23311,Mongolian,132,Burien / SeaTac / Tukwila / White Center
23311,Portuguese,126,Burien / SeaTac / Tukwila / White Center
23311,Ukrainian,121,Burien / SeaTac / Tukwila / White Center
23311,Croatian,115,Burien / SeaTac / Tukwila / White Center
23311,Other Eastern Malayo-Polynesian languages,103,Burien / SeaTac / Tukwila / White Center
23311,Pashto,96,Burien / SeaTac / Tukwila / White Center
23311,Dari,84,Burien / SeaTac / Tukwila / White Center
23311,Wolof,80,Burien / SeaTac / Tukwila / White Center
23311,Swedish,75,Burien / SeaTac / Tukwila / White Center
23311,Bulgarian,74,Burien / SeaTac / Tukwila / White Center
23311,Dutch,74,Burien / SeaTac / Tukwila / White Center
23311,Other Bantu languages,73,Burien / SeaTac / Tukwila / White Center
23311,Armenian,72,Burien / SeaTac / Tukwila / White Center
23311,Indonesian,71,Burien / SeaTac / Tukwila / White Center
23311,Polish,71,Burien / SeaTac / Tukwila / White Center
23311,Romanian,63,Burien / SeaTac / Tukwila / White Center
23311,Telugu,51,Burien / SeaTac / Tukwila / White Center
23311,Manding languages,49,Burien / SeaTac / Tukwila / White Center
23311,Italian,47,Burien / SeaTac / Tukwila / White Center
23311,Tongan,42,Burien / SeaTac / Tukwila / White Center
23311,Hawaiian,40,Burien / SeaTac / Tukwila / White Center
23311,Akan (including Twi),31,Burien / SeaTac / Tukwila / White Center
23311,Gbe languages,29,Burien / SeaTac / Tukwila / White Center
23311,Irish,21,Burien / SeaTac / Tukwila / White Center
23311,Other English-based Creole languages,21,Burien / SeaTac / Tukwila / White Center
23311,Greek,19,Burien / SeaTac / Tukwila / White Center
23311,Hmong,19,Burien / SeaTac / Tukwila / White Center
23311,Karen languages,17,Burien / SeaTac / Tukwila / White Center
23311,Chuukese,15,Burien / SeaTac / Tukwila / White Center
23311,Norwegian,15,Burien / SeaTac / Tukwila / White Center
23311,Other Indo-Iranian languages,15,Burien / SeaTac / Tukwila / White Center
23311,Tibetan,15,Burien / SeaTac / Tukwila / White Center
23311,Hungarian,13,Burien / SeaTac / Tukwila / White Center
23311,Navajo,10,Burien / SeaTac / Tukwila / White Center
23311,Marshallese,9,Burien / SeaTac / Tukwila / White Center
23311,Nilo-Saharan languages,9,Burien / SeaTac / Tukwila / White Center
