agency_id,agency_name,sector,location_id,location_name,location_type,lat,lon,district_name,languages_served,sectors_covered
kcls,King County Library System,library,kcls-154,Tukwila,library_branch,47.4740802,-122.28445569999997,Tukwila School District,Arabic; Dari; Farsi; French; Hindi; Portuguese; Somali; Spanish; Vietnamese,"library, transit"
kcls,King County Library System,library,kcls-155,Kent Panther Lake,library_branch,47.4184091,-122.1967444,Kent School District,Spanish,"library, transit"
kcls,King County Library System,library,kcls-1489,Algona-Pacific,library_branch,47.27086656059546,-122.24822483593748,Auburn School District,Russian; Spanish; Ukrainian,"library, transit"
kcls,King County Library System,library,kcls-1490,Auburn,library_branch,47.2987505,-122.2180159,Auburn School District,Marshallese; Russian; Spanish; Tagalog,"library, transit"
kcls,King County Library System,library,kcls-1494,Boulevard Park,library_branch,47.4953817,-122.30778729999996,Highline School District,Somali; Spanish,"library, transit"
kcls,King County Library System,library,kcls-1495,Burien,library_branch,47.4671057,-122.33959449999998,Highline School District,Arabic; Chinese-Cantonese; Chinese-Mandarin; Somali; Spanish; Vietnamese,"library, transit"
kcls,King County Library System,library,kcls-1497,Covington,library_branch,47.359023,-122.1218331,Kent School District,Arabic; Chinese-Cantonese; Chinese-Mandarin; Hindi; Punjabi; Russian; Spanish; Tagalog; Ukrainian,"library, transit"
kcls,King County Library System,library,kcls-1502,Des Moines,library_branch,47.408173,-122.31943539999996,Highline School District,Russian; Spanish; Vietnamese,"library, transit"
kcls,King County Library System,library,kcls-1505,Federal Way 320th,library_branch,47.3155306,-122.3209334,Federal Way School District,Chinese-Cantonese; Chinese-Mandarin; Korean; Russian; Spanish; Ukrainian,"library, transit"
kcls,King County Library System,library,kcls-1508,Fairwood,library_branch,47.4507033,-122.15440439999998,Renton School District,Chinese-Cantonese; Chinese-Mandarin; Hindi; Korean; Russian; Somali; Spanish; Tagalog; Vietnamese,"library, transit"
kcls,King County Library System,library,kcls-1509,Federal Way,library_branch,47.2944868,-122.3318314,Federal Way School District,Chinese-Cantonese; Chinese-Mandarin; Dari; Farsi; Hindi; Japanese; Korean; Punjabi; Russian; Spanish; Tagalog; Ukrainian; Vietnamese,"library, transit"
kcls,King County Library System,library,kcls-1510,Greenbridge,library_branch,47.5161164,-122.34511709999998,Highline School District,Arabic; Somali; Spanish; Vietnamese,"library, transit"
kcls,King County Library System,library,kcls-1526,Muckleshoot,library_branch,47.2433182,-122.1129707,Auburn School District,Spanish,"library, transit"
kcls,King County Library System,library,kcls-1538,Southcenter,library_branch,47.4587069,-122.26121469999998,Tukwila School District,Chinese-Cantonese; Chinese-Mandarin; Korean; Russian; Spanish; Tagalog; Vietnamese,"library, transit"
kcls,King County Library System,library,kcls-1541,Skyway,library_branch,47.4901838,-122.2383256,Renton School District,Amharic; Chinese-Cantonese; Chinese-Mandarin; Somali; Spanish; Vietnamese,"library, transit"
kcls,King County Library System,library,kcls-1546,Valley View,library_branch,47.4432294,-122.27371010000002,Highline School District,Amharic; Arabic; French; Punjabi; Somali; Spanish,"library, transit"
kcls,King County Library System,library,kcls-1547,White Center,library_branch,47.506889,-122.35292500000004,Highline School District,Chinese-Cantonese; Chinese-Mandarin; Somali; Spanish; Vietnamese,"library, transit"
kcls,King County Library System,library,kcls-1549,Woodmont,library_branch,47.3610092,-122.30837459999998,Federal Way School District,Arabic; Hindi; Russian; Spanish,"library, transit"
kcls,King County Library System,library,kcls-1556,Renton,library_branch,47.48191689999999,-122.2021034,Renton School District,Arabic; Chinese-Cantonese; Chinese-Mandarin; Hindi; Russian; Somali; Spanish; Ukrainian; Vietnamese,"library, transit"
kcls,King County Library System,library,kcls-1557,Renton Highlands,library_branch,47.4998031,-122.1812537,Renton School District,Chinese-Cantonese; Chinese-Mandarin; Korean; Russian; Spanish; Vietnamese,"library, transit"
kcmetro,King County Metro,transit,kcmetro-21945,Kent Des Moines Park And Ride,transit_center_or_park_ride,47.3917961,-122.287567,Federal Way School District,Tagalog,"library, transit"
kcmetro,King County Metro,transit,kcmetro-42576,Twin Lakes Park & Ride - Bay 2,transit_center_or_park_ride,47.2944527,-122.359009,Federal Way School District,Tagalog,"library, transit"
kcmetro,King County Metro,transit,kcmetro-42961,Kent Des Moines Station - Bay 5,transit_center_or_park_ride,47.3898811,-122.295448,Highline School District,Tagalog,"library, transit"
kcmetro,King County Metro,transit,kcmetro-45301,Renton Transit Center - Bay 5,transit_center_or_park_ride,47.4809074,-122.20813,Renton School District,Tagalog,"library, transit"
kcmetro,King County Metro,transit,kcmetro-45303,Renton Transit Center - Bay 6,transit_center_or_park_ride,47.4801102,-122.20813,Renton School District,Tagalog,"library, transit"
kcmetro,King County Metro,transit,kcmetro-45305,Renton Transit Center - Bay 7,transit_center_or_park_ride,47.4798775,-122.20813,Renton School District,Tagalog,"library, transit"
kcmetro,King County Metro,transit,kcmetro-46463,Renton Transit Center - Bay 10,transit_center_or_park_ride,47.4800987,-122.207756,Renton School District,Tagalog,"library, transit"
kcmetro,King County Metro,transit,kcmetro-46464,Renton Transit Center - Bay 9,transit_center_or_park_ride,47.4805031,-122.207756,Renton School District,Tagalog,"library, transit"
kcmetro,King County Metro,transit,kcmetro-46465,Renton Transit Center - Bay 8,transit_center_or_park_ride,47.4809685,-122.207756,Renton School District,Tagalog,"library, transit"
kcmetro,King County Metro,transit,kcmetro-46476,Renton Transit Center - Bay 1,transit_center_or_park_ride,47.4807777,-122.208786,Renton School District,Tagalog,"library, transit"
kcmetro,King County Metro,transit,kcmetro-46477,Renton Transit Center - Bay 2,transit_center_or_park_ride,47.4807777,-122.208549,Renton School District,Tagalog,"library, transit"
kcmetro,King County Metro,transit,kcmetro-46478,Renton Transit Center - Bay 3,transit_center_or_park_ride,47.4804993,-122.208717,Renton School District,Tagalog,"library, transit"
kcmetro,King County Metro,transit,kcmetro-46479,Renton Transit Center - Bay 4,transit_center_or_park_ride,47.4804993,-122.208199,Renton School District,Tagalog,"library, transit"
kcmetro,King County Metro,transit,kcmetro-50011,Kent Des Moines Station - Bay 2,transit_center_or_park_ride,47.3894539,-122.294586,Highline School District,Tagalog,"library, transit"
kcmetro,King County Metro,transit,kcmetro-50013,Kent Des Moines Station - Bay 4,transit_center_or_park_ride,47.3896065,-122.29528,Highline School District,Tagalog,"library, transit"
kcmetro,King County Metro,transit,kcmetro-50014,Kent Des Moines Station - Bay 3,transit_center_or_park_ride,47.389595,-122.294868,Highline School District,Tagalog,"library, transit"
kcmetro,King County Metro,transit,kcmetro-50479,Kent Des Moines Station - Bay 6,transit_center_or_park_ride,47.3891869,-122.295967,Highline School District,Tagalog,"library, transit"
kcmetro,King County Metro,transit,kcmetro-52303,Burien Transit Center - Bay 3,transit_center_or_park_ride,47.4701042,-122.337067,Highline School District,Tagalog,"library, transit"
kcmetro,King County Metro,transit,kcmetro-52304,Burien Transit Center - Bay 4,transit_center_or_park_ride,47.4696922,-122.337288,Highline School District,Tagalog,"library, transit"
kcmetro,King County Metro,transit,kcmetro-52305,Burien Transit Center - Bay 5,transit_center_or_park_ride,47.4697571,-122.337097,Highline School District,Tagalog,"library, transit"
kcmetro,King County Metro,transit,kcmetro-52306,Burien Transit Center - Bay 6,transit_center_or_park_ride,47.4694099,-122.337318,Highline School District,Tagalog,"library, transit"
kcmetro,King County Metro,transit,kcmetro-53504,Kent-Des Moines Freeway Station,transit_center_or_park_ride,47.3912544,-122.292152,Highline School District,Tagalog,"library, transit"
kcmetro,King County Metro,transit,kcmetro-53541,Star Lake Station & S 270th St - Bay 1,transit_center_or_park_ride,47.3592911,-122.297684,Federal Way School District,Tagalog,"library, transit"
kcmetro,King County Metro,transit,kcmetro-53542,Star Lake Station & S 270th St - Bay 2,transit_center_or_park_ride,47.3594398,-122.297592,Federal Way School District,Tagalog,"library, transit"
kcmetro,King County Metro,transit,kcmetro-55938,South Renton Park & Ride - Bay 2,transit_center_or_park_ride,47.4724579,-122.213127,Renton School District,Tagalog,"library, transit"
kcmetro,King County Metro,transit,kcmetro-57451,Kent Sounder Station - Bay 1,transit_center_or_park_ride,47.3850517,-122.232689,Kent School District,Tagalog,"library, transit"
kcmetro,King County Metro,transit,kcmetro-57452,Kent Sounder Station - Bay 2,transit_center_or_park_ride,47.3848267,-122.232704,Kent School District,Tagalog,"library, transit"
kcmetro,King County Metro,transit,kcmetro-57453,Kent Sounder Station - Bay 3,transit_center_or_park_ride,47.3845291,-122.232689,Kent School District,Tagalog,"library, transit"
kcmetro,King County Metro,transit,kcmetro-57455,Kent Sounder Station - Bay 5,transit_center_or_park_ride,47.3848038,-122.23246,Kent School District,Tagalog,"library, transit"
kcmetro,King County Metro,transit,kcmetro-57458,Kent Sounder Station - Bay 8,transit_center_or_park_ride,47.3838806,-122.232483,Kent School District,Tagalog,"library, transit"
kcmetro,King County Metro,transit,kcmetro-57459,Kent Sounder Station - Bay 9,transit_center_or_park_ride,47.3834305,-122.232483,Kent School District,Tagalog,"library, transit"
kcmetro,King County Metro,transit,kcmetro-57773,Auburn Transit Center - Bay 1,transit_center_or_park_ride,47.3062248,-122.232079,Auburn School District,Tagalog,"library, transit"
kcmetro,King County Metro,transit,kcmetro-57774,Auburn Transit Center - Bay 2,transit_center_or_park_ride,47.3057899,-122.232079,Auburn School District,Tagalog,"library, transit"
kcmetro,King County Metro,transit,kcmetro-57775,Auburn Transit Center - Bay 3,transit_center_or_park_ride,47.3054886,-122.232079,Auburn School District,Tagalog,"library, transit"
kcmetro,King County Metro,transit,kcmetro-57776,Auburn Transit Center - Bay 4,transit_center_or_park_ride,47.3052406,-122.232086,Auburn School District,Tagalog,"library, transit"
kcmetro,King County Metro,transit,kcmetro-57892,Auburn Park And Ride - Bay 1,transit_center_or_park_ride,47.3210411,-122.22802,Auburn School District,Tagalog,"library, transit"
kcmetro,King County Metro,transit,kcmetro-59842,South Renton Park & Ride - Bay 1,transit_center_or_park_ride,47.47258,-122.213837,Renton School District,Tagalog,"library, transit"
kcmetro,King County Metro,transit,kcmetro-59881,Tukwila Station Acs & S Longacres Way - Bay 1,transit_center_or_park_ride,47.4608307,-122.240807,Renton School District,Tagalog,"library, transit"
kcmetro,King County Metro,transit,kcmetro-59882,Tukwila Station Acs & S Longacres Way - Bay 2,transit_center_or_park_ride,47.4603806,-122.241188,Renton School District,Tagalog,"library, transit"
kcmetro,King County Metro,transit,kcmetro-59904,South Renton Park & Ride - Bay 3,transit_center_or_park_ride,47.4721756,-122.212746,Renton School District,Tagalog,"library, transit"
kcmetro,King County Metro,transit,kcmetro-60921,Tukwila International Blvd Station - Bay 1,transit_center_or_park_ride,47.4642067,-122.288452,Tukwila School District,Tagalog,"library, transit"
kcmetro,King County Metro,transit,kcmetro-60922,Tukwila International Blvd Station - Bay 2,transit_center_or_park_ride,47.4640274,-122.287933,Tukwila School District,Tagalog,"library, transit"
kcmetro,King County Metro,transit,kcmetro-60923,Tukwila International Blvd Station - Bay 3,transit_center_or_park_ride,47.4639206,-122.287628,Tukwila School District,Tagalog,"library, transit"
kcmetro,King County Metro,transit,kcmetro-85531,Federal Way Downtown Station - Bay 1,transit_center_or_park_ride,47.3170509,-122.303543,Federal Way School District,Tagalog,"library, transit"
kcmetro,King County Metro,transit,kcmetro-85532,Federal Way Downtown Station - Bay 2,transit_center_or_park_ride,47.3168335,-122.30368,Federal Way School District,Tagalog,"library, transit"
kcmetro,King County Metro,transit,kcmetro-85538,Federal Way Downtown Station - Bay 8,transit_center_or_park_ride,47.3166771,-122.303558,Federal Way School District,Tagalog,"library, transit"
kcmetro,King County Metro,transit,kcmetro-85539,Federal Way Downtown Station - Bay 9,transit_center_or_park_ride,47.3169327,-122.303398,Federal Way School District,Tagalog,"library, transit"
kcmetro,King County Metro,transit,kcmetro-85540,Federal Way Downtown Station - Bay 10,transit_center_or_park_ride,47.3171043,-122.303299,Federal Way School District,Tagalog,"library, transit"
kcmetro,King County Metro,transit,kcmetro-85541,Federal Way Downtown Station - Bay 11,transit_center_or_park_ride,47.316452,-122.30323,Federal Way School District,Tagalog,"library, transit"
kcmetro,King County Metro,transit,kcmetro-85542,Federal Way Downtown Station - Bay 12,transit_center_or_park_ride,47.3151779,-122.305496,Federal Way School District,Tagalog,"library, transit"
kcmetro,King County Metro,transit,kcmetro-85543,Federal Way Downtown Station - Bay 13,transit_center_or_park_ride,47.3150368,-122.30439,Federal Way School District,Tagalog,"library, transit"
sound_transit,Sound Transit,transit,sound_transit-C35,Tukwila Int'l Blvd,station,47.464031,-122.287996,Tukwila School District,Chinese-Cantonese; Chinese-Mandarin; Korean; Russian; Spanish; Tagalog; Vietnamese,"library, transit"
sound_transit,Sound Transit,transit,sound_transit-C35-E-00001,Tukwila International Blvd Station Entrance,transit_center_or_park_ride,47.464192,-122.288005,Tukwila School District,Chinese-Cantonese; Chinese-Mandarin; Korean; Russian; Spanish; Tagalog; Vietnamese,"library, transit"
sound_transit,Sound Transit,transit,sound_transit-C37,SeaTac/Airport,station,47.445381,-122.296898,Highline School District,Chinese-Cantonese; Chinese-Mandarin; Korean; Russian; Spanish; Tagalog; Vietnamese,"library, transit"
sound_transit,Sound Transit,transit,sound_transit-LS_C35_T1,Tukwila Intl Blvd Station Bay 2,transit_center_or_park_ride,47.464027,-122.287933,Tukwila School District,Chinese-Cantonese; Chinese-Mandarin; Korean; Russian; Spanish; Tagalog; Vietnamese,"library, transit"
sound_transit,Sound Transit,transit,sound_transit-LS_C35_T2,Tukwila Intl Blvd Station Bay 3,transit_center_or_park_ride,47.463921,-122.287628,Tukwila School District,Chinese-Cantonese; Chinese-Mandarin; Korean; Russian; Spanish; Tagalog; Vietnamese,"library, transit"
sound_transit,Sound Transit,transit,sound_transit-LS_S03_T1,Kent Des Moines Station - Bay 2,transit_center_or_park_ride,47.389469,-122.294583,Highline School District,Chinese-Cantonese; Chinese-Mandarin; Korean; Russian; Spanish; Tagalog; Vietnamese,"library, transit"
sound_transit,Sound Transit,transit,sound_transit-LS_S03_T2,Kent Des Moines Station - Bay 3,transit_center_or_park_ride,47.389587,-122.294833,Highline School District,Chinese-Cantonese; Chinese-Mandarin; Korean; Russian; Spanish; Tagalog; Vietnamese,"library, transit"
sound_transit,Sound Transit,transit,sound_transit-LS_S05_T1,Star Lake Station - Bay 1,transit_center_or_park_ride,47.359421,-122.297804,Federal Way School District,Chinese-Cantonese; Chinese-Mandarin; Korean; Russian; Spanish; Tagalog; Vietnamese,"library, transit"
sound_transit,Sound Transit,transit,sound_transit-LS_S05_T2,Star Lake Station - Bay 4,transit_center_or_park_ride,47.35915,-122.297231,Federal Way School District,Chinese-Cantonese; Chinese-Mandarin; Korean; Russian; Spanish; Tagalog; Vietnamese,"library, transit"
sound_transit,Sound Transit,transit,sound_transit-S01,Angle Lake,station,47.422703,-122.297714,Highline School District,Chinese-Cantonese; Chinese-Mandarin; Korean; Russian; Spanish; Tagalog; Vietnamese,"library, transit"
sound_transit,Sound Transit,transit,sound_transit-S01-E-00001,Angle Lake Station North Entrance,transit_center_or_park_ride,47.42309,-122.297838,Highline School District,Chinese-Cantonese; Chinese-Mandarin; Korean; Russian; Spanish; Tagalog; Vietnamese,"library, transit"
sound_transit,Sound Transit,transit,sound_transit-S01-E-00002,Angle Lake Station South Entrance,transit_center_or_park_ride,47.422264,-122.297765,Highline School District,Chinese-Cantonese; Chinese-Mandarin; Korean; Russian; Spanish; Tagalog; Vietnamese,"library, transit"
sound_transit,Sound Transit,transit,sound_transit-S03,Kent Des Moines,station,47.389552,-122.294399,Highline School District,Chinese-Cantonese; Chinese-Mandarin; Korean; Russian; Spanish; Tagalog; Vietnamese,"library, transit"
sound_transit,Sound Transit,transit,sound_transit-S05,Star Lake,station,47.359388,-122.297391,Federal Way School District,Chinese-Cantonese; Chinese-Mandarin; Korean; Russian; Spanish; Tagalog; Vietnamese,"library, transit"
sound_transit,Sound Transit,transit,sound_transit-S07,Federal Way Downtown,station,47.315903,-122.303829,Federal Way School District,Chinese-Cantonese; Chinese-Mandarin; Korean; Russian; Spanish; Tagalog; Vietnamese,"library, transit"
sound_transit,Sound Transit,transit,sound_transit-SS02,Tukwila Sounder Station,station,47.460199,-122.24043,Renton School District,Chinese-Cantonese; Chinese-Mandarin; Korean; Russian; Spanish; Tagalog; Vietnamese,"library, transit"
sound_transit,Sound Transit,transit,sound_transit-SS03,Kent Sounder Station,station,47.384154,-122.233033,Kent School District,Chinese-Cantonese; Chinese-Mandarin; Korean; Russian; Spanish; Tagalog; Vietnamese,"library, transit"
sound_transit,Sound Transit,transit,sound_transit-SS04,Auburn Station,station,47.306411,-122.232257,Auburn School District,Chinese-Cantonese; Chinese-Mandarin; Korean; Russian; Spanish; Tagalog; Vietnamese,"library, transit"
sound_transit,Sound Transit,transit,sound_transit-S_AU_NB,Auburn Station,transit_center_or_park_ride,47.306299,-122.232137,Auburn School District,Chinese-Cantonese; Chinese-Mandarin; Korean; Russian; Spanish; Tagalog; Vietnamese,"library, transit"
sound_transit,Sound Transit,transit,sound_transit-S_AU_SB,Auburn Station,transit_center_or_park_ride,47.306299,-122.232375,Auburn School District,Chinese-Cantonese; Chinese-Mandarin; Korean; Russian; Spanish; Tagalog; Vietnamese,"library, transit"
sound_transit,Sound Transit,transit,sound_transit-S_KE_NB,Kent Sounder Station,transit_center_or_park_ride,47.384022,-122.232903,Kent School District,Chinese-Cantonese; Chinese-Mandarin; Korean; Russian; Spanish; Tagalog; Vietnamese,"library, transit"
sound_transit,Sound Transit,transit,sound_transit-S_KE_SB,Kent Sounder Station,transit_center_or_park_ride,47.384257,-122.233151,Kent School District,Chinese-Cantonese; Chinese-Mandarin; Korean; Russian; Spanish; Tagalog; Vietnamese,"library, transit"
sound_transit,Sound Transit,transit,sound_transit-S_TK_NB,Tukwila Sounder Station,transit_center_or_park_ride,47.460527,-122.240293,Renton School District,Chinese-Cantonese; Chinese-Mandarin; Korean; Russian; Spanish; Tagalog; Vietnamese,"library, transit"
sound_transit,Sound Transit,transit,sound_transit-S_TK_SB,Tukwila Sounder Station,transit_center_or_park_ride,47.460432,-122.240507,Renton School District,Chinese-Cantonese; Chinese-Mandarin; Korean; Russian; Spanish; Tagalog; Vietnamese,"library, transit"
