district,language,families,service_points_serving_language,is_access_desert,example_points,sectors_covered
Highline School District,Spanish,5408,13,False,Angle Lake; Angle Lake Station North Entrance; Angle Lake Station South Entrance; Boulevard Park,"library, transit"
Kent School District,Spanish,3724,5,False,Covington; Kent Panther Lake; Kent Sounder Station,"library, transit"
Federal Way School District,Spanish,3480,7,False,Federal Way; Federal Way 320th; Federal Way Downtown; Star Lake,"library, transit"
Auburn School District,Spanish,3432,6,False,Algona-Pacific; Auburn; Auburn Station; Muckleshoot,"library, transit"
Renton School District,Spanish,2695,7,False,Fairwood; Renton; Renton Highlands; Skyway,"library, transit"
Kent School District,Dari,962,0,True,,"library, transit"
Federal Way School District,Dari,863,1,False,Federal Way,"library, transit"
Tukwila School District,Spanish,830,6,False,Southcenter; Tukwila; Tukwila Int'l Blvd; Tukwila International Blvd Station Entrance,"library, transit"
Auburn School District,Ukrainian,737,1,False,Algona-Pacific,"library, transit"
Auburn School District,Dari,679,0,True,,"library, transit"
Renton School District,Vietnamese,635,7,False,Fairwood; Renton; Renton Highlands; Skyway,"library, transit"
Kent School District,Ukrainian,537,1,False,Covington,"library, transit"
Kent School District,Vietnamese,535,3,False,Kent Sounder Station,"library, transit"
Kent School District,Punjabi,500,1,False,Covington,"library, transit"
Highline School District,Vietnamese,459,11,False,Angle Lake; Angle Lake Station North Entrance; Angle Lake Station South Entrance; Burien,"library, transit"
Kent School District,Somali,405,0,True,,"library, transit"
Federal Way School District,Ukrainian,373,2,False,Federal Way; Federal Way 320th,"library, transit"
Kent School District,Russian,352,4,False,Covington; Kent Sounder Station,"library, transit"
Kent School District,Pashto,351,0,True,,"library, transit"
Auburn School District,Marshallese,342,1,False,Auburn,"library, transit"
Federal Way School District,Pashto,283,0,True,,"library, transit"
Kent School District,Arabic,270,1,False,Covington,"library, transit"
Auburn School District,Pashto,229,0,True,,"library, transit"
Highline School District,Somali,215,5,False,Boulevard Park; Burien; Greenbridge; Valley View,"library, transit"
Highline School District,Dari,203,0,True,,"library, transit"
Renton School District,Dari,199,0,True,,"library, transit"
Federal Way School District,Russian,197,7,False,Federal Way; Federal Way 320th; Federal Way Downtown; Star Lake,"library, transit"
Renton School District,Chinese-Cantonese,189,7,False,Fairwood; Renton; Renton Highlands; Skyway,"library, transit"
Kent School District,Chinese-Cantonese,177,4,False,Covington; Kent Sounder Station,"library, transit"
Auburn School District,Russian,176,5,False,Algona-Pacific; Auburn; Auburn Station,"library, transit"
Kent School District,Tagalog,166,10,False,Covington; Kent Sounder Station; Kent Sounder Station - Bay 1; Kent Sounder Station - Bay 2,"library, transit"
Highline School District,Amharic,164,1,False,Valley View,"library, transit"
Tukwila School District,Portuguese,157,1,False,Tukwila,"library, transit"
Auburn School District,Punjabi,152,0,True,,"library, transit"
Federal Way School District,Somali,141,0,True,,"library, transit"
Tukwila School District,Vietnamese,136,6,False,Southcenter; Tukwila; Tukwila Int'l Blvd; Tukwila International Blvd Station Entrance,"library, transit"
Auburn School District,Vietnamese,136,3,False,Auburn Station,"library, transit"
Kent School District,Farsi,135,0,True,,"library, transit"
Tukwila School District,Dari,134,1,False,Tukwila,"library, transit"
Federal Way School District,Vietnamese,132,5,False,Federal Way; Federal Way Downtown; Star Lake; Star Lake Station - Bay 1,"library, transit"
Tukwila School District,Somali,131,1,False,Tukwila,"library, transit"
Kent School District,Amharic,125,0,True,,"library, transit"
Kent School District,Khmer,124,0,True,,"library, transit"
Renton School District,Somali,115,3,False,Fairwood; Renton; Skyway,"library, transit"
Kent School District,Burmese,114,0,True,,"library, transit"
Kent School District,Turkish,109,0,True,,"library, transit"
Renton School District,Chinese-Mandarin,108,7,False,Fairwood; Renton; Renton Highlands; Skyway,"library, transit"
Renton School District,Russian,105,6,False,Fairwood; Renton; Renton Highlands; Tukwila Sounder Station,"library, transit"
Renton School District,Ukrainian,103,1,False,Renton,"library, transit"
Renton School District,Pashto,103,0,True,,"library, transit"
Highline School District,Pashto,94,0,True,,"library, transit"
Auburn School District,Arabic,90,0,True,,"library, transit"
Kent School District,Chinese-Mandarin,85,4,False,Covington; Kent Sounder Station,"library, transit"
Kent School District,Nepali,78,0,True,,"library, transit"
Tukwila School District,Burmese,78,0,True,,"library, transit"
Renton School District,Arabic,72,1,False,Renton,"library, transit"
Kent School District,French,71,0,True,,"library, transit"
Auburn School District,Somali,71,0,True,,"library, transit"
Federal Way School District,Arabic,71,1,False,Woodmont,"library, transit"
Federal Way School District,Farsi,68,1,False,Federal Way,"library, transit"
Highline School District,French,67,1,False,Valley View,"library, transit"
Federal Way School District,French,67,0,True,,"library, transit"
Tukwila School District,Pashto,67,0,True,,"library, transit"
Renton School District,Amharic,67,1,False,Skyway,"library, transit"
Renton School District,Portuguese,64,0,True,,"library, transit"
Renton School District,Tagalog,63,19,False,Fairwood; Renton Transit Center - Bay 1; Renton Transit Center - Bay 10; Renton Transit Center - Bay 2,"library, transit"
Kent School District,Hindi,63,1,False,Covington,"library, transit"
Kent School District,Marshallese,62,0,True,,"library, transit"
Tukwila School District,Arabic,59,1,False,Tukwila,"library, transit"
Highline School District,Arabic,58,3,False,Burien; Greenbridge; Valley View,"library, transit"
Renton School District,Punjabi,56,0,True,,"library, transit"
Auburn School District,Tagalog,56,9,False,Auburn; Auburn Park And Ride - Bay 1; Auburn Station; Auburn Transit Center - Bay 1,"library, transit"
Tukwila School District,French,54,1,False,Tukwila,"library, transit"
Highline School District,Tigrinya,54,0,True,,"library, transit"
Federal Way School District,Korean,54,6,False,Federal Way; Federal Way 320th; Federal Way Downtown; Star Lake,"library, transit"
Renton School District,Farsi,52,0,True,,"library, transit"
Kent School District,Chuukese,50,0,True,,"library, transit"
Auburn School District,Khmer,49,0,True,,"library, transit"
Highline School District,Farsi,46,0,True,,"library, transit"
Highline School District,Khmer,45,0,True,,"library, transit"
Kent School District,Samoan,43,0,True,,"library, transit"
Renton School District,Tigrinya,41,0,True,,"library, transit"
Kent School District,Portuguese,39,0,True,,"library, transit"
Renton School District,Romanian,38,0,True,,"library, transit"
Highline School District,Portuguese,37,0,True,,"library, transit"
Federal Way School District,Punjabi,36,1,False,Federal Way,"library, transit"
Renton School District,Oromo,35,0,True,,"library, transit"
Renton School District,Khmer,35,0,True,,"library, transit"
Kent School District,Swahili,35,0,True,,"library, transit"
Highline School District,Punjabi,35,1,False,Valley View,"library, transit"
Federal Way School District,Chinese-Mandarin,34,6,False,Federal Way; Federal Way 320th; Federal Way Downtown; Star Lake,"library, transit"
Auburn School District,Lao,33,0,True,,"library, transit"
Auburn School District,Samoan,33,0,True,,"library, transit"
Highline School District,Russian,32,8,False,Angle Lake; Angle Lake Station North Entrance; Angle Lake Station South Entrance; Des Moines,"library, transit"
Auburn School District,Korean,32,3,False,Auburn Station,"library, transit"
Kent School District,Urdu,31,0,True,,"library, transit"
Kent School District,Kosraean,31,0,True,,"library, transit"
Tukwila School District,Amharic,30,0,True,,"library, transit"
Kent School District,Romanian,29,0,True,,"library, transit"
Renton School District,Hindi,29,2,False,Fairwood; Renton,"library, transit"
Federal Way School District,Amharic,29,0,True,,"library, transit"
Auburn School District,Kurdish,29,0,True,,"library, transit"
Tukwila School District,Nepali,29,0,True,,"library, transit"
Federal Way School District,Haitian Creole,29,0,True,,"library, transit"
Renton School District,Korean,28,5,False,Fairwood; Renton Highlands; Tukwila Sounder Station,"library, transit"
Auburn School District,Swahili,28,0,True,,"library, transit"
Auburn School District,Tigrinya,28,0,True,,"library, transit"
Federal Way School District,Portuguese,28,0,True,,"library, transit"
Highline School District,Ukrainian,28,0,True,,"library, transit"
Auburn School District,Burmese,27,0,True,,"library, transit"
Federal Way School District,Chinese-Cantonese,27,6,False,Federal Way; Federal Way 320th; Federal Way Downtown; Star Lake,"library, transit"
Auburn School District,Turkish,26,0,True,,"library, transit"
Highline School District,Tagalog,26,17,False,Angle Lake; Angle Lake Station North Entrance; Angle Lake Station South Entrance; Burien Transit Center - Bay 3,"library, transit"
Auburn School District,French,25,0,True,,"library, transit"
Kent School District,Tigrinya,25,0,True,,"library, transit"
Tukwila School District,Tagalog,24,8,False,Southcenter; Tukwila Int'l Blvd; Tukwila International Blvd Station - Bay 1; Tukwila International Blvd Station - Bay 2,"library, transit"
Federal Way School District,Swahili,23,0,True,,"library, transit"
Auburn School District,Nepali,22,0,True,,"library, transit"
Kent School District,Korean,22,3,False,Kent Sounder Station,"library, transit"
Federal Way School District,Chuukese,22,0,True,,"library, transit"
Tukwila School District,Khmer,21,0,True,,"library, transit"
Tukwila School District,Tigrinya,21,0,True,,"library, transit"
Federal Way School District,Marshallese,21,0,True,,"library, transit"
Highline School District,Oromo,20,0,True,,"library, transit"
Renton School District,Soninke,20,0,True,,"library, transit"
Kent School District,Lao,20,0,True,,"library, transit"
Highline School District,Swahili,19,0,True,,"library, transit"
Kent School District,Ilokano,19,0,True,,"library, transit"
Auburn School District,Tongan,19,0,True,,"library, transit"
Kent School District,Kurdish,18,0,True,,"library, transit"
Federal Way School District,Tagalog,18,17,False,Federal Way; Federal Way Downtown; Federal Way Downtown Station - Bay 1; Federal Way Downtown Station - Bay 10,"library, transit"
Federal Way School District,Khmer,18,0,True,,"library, transit"
Renton School District,Japanese,17,0,True,,"library, transit"
Highline School District,Burmese,17,0,True,,"library, transit"
Auburn School District,Amharic,17,0,True,,"library, transit"
Tukwila School District,Lingala,17,0,True,,"library, transit"
Renton School District,Swahili,17,0,True,,"library, transit"
Auburn School District,Farsi,16,0,True,,"library, transit"
Auburn School District,Japanese,16,0,True,,"library, transit"
Highline School District,Chuukese,15,0,True,,"library, transit"
Kent School District,Tongan,15,0,True,,"library, transit"
Highline School District,Lingala,15,0,True,,"library, transit"
Kent School District,Wolof,15,0,True,,"library, transit"
Kent School District,Mien,14,0,True,,"library, transit"
Renton School District,Ilokano,13,0,True,,"library, transit"
Kent School District,Palau,13,0,True,,"library, transit"
Kent School District,Karen,13,0,True,,"library, transit"
Kent School District,Thai,13,0,True,,"library, transit"
Kent School District,Lingala,13,0,True,,"library, transit"
Kent School District,Oromo,13,0,True,,"library, transit"
Federal Way School District,Samoan,13,0,True,,"library, transit"
Renton School District,Cham,12,0,True,,"library, transit"
Auburn School District,Portuguese,12,0,True,,"library, transit"
Renton School District,Lao,11,0,True,,"library, transit"
Renton School District,French,11,0,True,,"library, transit"
Tukwila School District,Oromo,11,0,True,,"library, transit"
Highline School District,Nepali,11,0,True,,"library, transit"
Federal Way School District,Lingala,11,0,True,,"library, transit"
Tukwila School District,Farsi,11,1,False,Tukwila,"library, transit"
Tukwila School District,Samoan,11,0,True,,"library, transit"
Highline School District,Chinese-Mandarin,11,9,False,Angle Lake; Angle Lake Station North Entrance; Angle Lake Station South Entrance; Burien,"library, transit"
Federal Way School District,Turkish,11,0,True,,"library, transit"
Tukwila School District,Russian,11,5,False,Southcenter; Tukwila Int'l Blvd; Tukwila International Blvd Station Entrance; Tukwila Intl Blvd Station Bay 2,"library, transit"
Highline School District,Chinese-Cantonese,10,9,False,Angle Lake; Angle Lake Station North Entrance; Angle Lake Station South Entrance; Burien,"library, transit"
Renton School District,American Sign Language,10,0,True,,"library, transit"
Renton School District,Chuukese,10,0,True,,"library, transit"
Auburn School District,Chinese-Mandarin,10,3,False,Auburn Station,"library, transit"
Auburn School District,Hindi,10,0,True,,"library, transit"
Highline School District,Haitian Creole,10,0,True,,"library, transit"
Renton School District,Tamil,10,0,True,,"library, transit"
Highline School District,Marshallese,10,0,True,,"library, transit"
Renton School District,Turkish,10,0,True,,"library, transit"
Kent School District,Kirundi,10,0,True,,"library, transit"
Kent School District,Telugu,10,0,True,,"library, transit"
Kent School District,Maay Maay,10,0,True,,"library, transit"
Federal Way School District,American Sign Language,9,0,True,,"library, transit"
Kent School District,Uzbek,9,0,True,,"library, transit"
Renton School District,Mien,9,0,True,,"library, transit"
Kent School District,Kinyarwanda,9,0,True,,"library, transit"
Renton School District,Burmese,9,0,True,,"library, transit"
Renton School District,Wolof,9,0,True,,"library, transit"
Tukwila School District,Bosnian,9,0,True,,"library, transit"
Renton School District,Telugu,9,0,True,,"library, transit"
Kent School District,Bengali,9,0,True,,"library, transit"
Kent School District,Cebuano,9,0,True,,"library, transit"
Auburn School District,Kosraean,9,0,True,,"library, transit"
Highline School District,Hindi,9,0,True,,"library, transit"
Renton School District,Gujarati,9,0,True,,"library, transit"
Tukwila School District,Tedim,9,0,True,,"library, transit"
Highline School District,Kosraean,8,0,True,,"library, transit"
Highline School District,Samoan,8,0,True,,"library, transit"
Renton School District,Nepali,8,0,True,,"library, transit"
Kent School District,Fula,8,0,True,,"library, transit"
Kent School District,Tamil,8,0,True,,"library, transit"
Renton School District,Taishanese,8,0,True,,"library, transit"
Tukwila School District,Chuukese,8,0,True,,"library, transit"
Kent School District,Japanese,8,0,True,,"library, transit"
Tukwila School District,Karen,8,0,True,,"library, transit"
Auburn School District,Dinka,8,0,True,,"library, transit"
Renton School District,Marshallese,7,0,True,,"library, transit"
Kent School District,Malayalam,7,0,True,,"library, transit"
Auburn School District,American Sign Language,7,0,True,,"library, transit"
Auburn School District,Thai,7,0,True,,"library, transit"
Auburn School District,Urdu,7,0,True,,"library, transit"
Highline School District,Thai,7,0,True,,"library, transit"
Kent School District,Indonesian,7,0,True,,"library, transit"
Kent School District,Hmong,7,0,True,,"library, transit"
Highline School District,Tedim,7,0,True,,"library, transit"
Tukwila School District,Chinese-Cantonese,7,5,False,Southcenter; Tukwila Int'l Blvd; Tukwila International Blvd Station Entrance; Tukwila Intl Blvd Station Bay 2,"library, transit"
Kent School District,American Sign Language,7,0,True,,"library, transit"
Auburn School District,Ilokano,7,0,True,,"library, transit"
Auburn School District,Chuukese,6,0,True,,"library, transit"
Renton School District,Lingala,6,0,True,,"library, transit"
Renton School District,Bengali,6,0,True,,"library, transit"
Renton School District,Hmong,6,0,True,,"library, transit"
Auburn School District,Ayula-Bambara,6,0,True,,"library, transit"
Kent School District,Taishanese,6,0,True,,"library, transit"
Kent School District,Dinka,6,0,True,,"library, transit"
Renton School District,Albanian,6,0,True,,"library, transit"
Federal Way School District,Dinka,6,0,True,,"library, transit"
Tukwila School District,Swahili,6,0,True,,"library, transit"
Tukwila School District,Punjabi,6,0,True,,"library, transit"
Federal Way School District,Tigrinya,6,0,True,,"library, transit"
Renton School District,Luganda,6,0,True,,"library, transit"
Federal Way School District,Mongolian,6,0,True,,"library, transit"
Renton School District,Urdu,5,0,True,,"library, transit"
Kent School District,Chamorro,5,0,True,,"library, transit"
Highline School District,Uzbek,5,0,True,,"library, transit"
Auburn School District,Cebuano,5,0,True,,"library, transit"
Kent School District,Karenni,5,0,True,,"library, transit"
Auburn School District,Mandingo,5,0,True,,"library, transit"
Highline School District,Cham,5,0,True,,"library, transit"
Highline School District,Bengali,5,0,True,,"library, transit"
Auburn School District,Kinyarwanda,4,0,True,,"library, transit"
Federal Way School District,Urdu,4,0,True,,"library, transit"
Highline School District,Bosnian,4,0,True,,"library, transit"
Tukwila School District,Kinyarwanda,4,0,True,,"library, transit"
Auburn School District,Fula,4,0,True,,"library, transit"
Tukwila School District,Marshallese,4,0,True,,"library, transit"
Tukwila School District,Turkish,4,0,True,,"library, transit"
Kent School District,Yap,4,0,True,,"library, transit"
Renton School District,Cebuano,4,0,True,,"library, transit"
Highline School District,Gujarati,4,0,True,,"library, transit"
Auburn School District,Haitian Creole,4,0,True,,"library, transit"
Renton School District,Marathi,4,0,True,,"library, transit"
Federal Way School District,Burmese,4,0,True,,"library, transit"
Tukwila School District,Lao,4,0,True,,"library, transit"
Auburn School District,Maay Maay,4,0,True,,"library, transit"
Auburn School District,Mien,4,0,True,,"library, transit"
Kent School District,Nuer,4,0,True,,"library, transit"
Kent School District,Kikuyu,4,0,True,,"library, transit"
Federal Way School District,Hindi,4,2,False,Federal Way; Woodmont,"library, transit"
Highline School District,Soninke,4,0,True,,"library, transit"
Federal Way School District,Oromo,4,0,True,,"library, transit"
Renton School District,Tongan,4,0,True,,"library, transit"
Highline School District,Urdu,4,0,True,,"library, transit"
Federal Way School District,Kosraean,4,0,True,,"library, transit"
Highline School District,Kinyarwanda,4,0,True,,"library, transit"
Tukwila School District,Uzbek,3,0,True,,"library, transit"
Renton School District,Chin,3,0,True,,"library, transit"
Auburn School District,Chinese-Taiwanese,3,0,True,,"library, transit"
Tukwila School District,Thai,3,0,True,,"library, transit"
Tukwila School District,Tongan,3,0,True,,"library, transit"
Renton School District,Dinka,3,0,True,,"library, transit"
Renton School District,Armenian,3,0,True,,"library, transit"
Renton School District,Hawaiian,3,0,True,,"library, transit"
Tukwila School District,Ukrainian,3,0,True,,"library, transit"
Renton School District,Chinese-Taiwanese,3,0,True,,"library, transit"
Auburn School District,Moore,3,0,True,,"library, transit"
Federal Way School District,Akateko,3,0,True,,"library, transit"
Federal Way School District,Tongan,3,0,True,,"library, transit"
Tukwila School District,Fula,3,0,True,,"library, transit"
Highline School District,Korean,3,7,False,Angle Lake; Angle Lake Station North Entrance; Angle Lake Station South Entrance; Kent Des Moines,"library, transit"
Renton School District,Samoan,3,0,True,,"library, transit"
Highline School District,Maya-Quiche,3,0,True,,"library, transit"
Highline School District,Mam,3,0,True,,"library, transit"
Renton School District,Thai,3,0,True,,"library, transit"
Kent School District,Bulgarian,3,0,True,,"library, transit"
Federal Way School District,Kakwa,3,0,True,,"library, transit"
Kent School District,Bangala,3,0,True,,"library, transit"
Highline School District,Tarasco,3,0,True,,"library, transit"
Federal Way School District,Rohingya,3,0,True,,"library, transit"
Kent School District,Hausa,3,0,True,,"library, transit"
Renton School District,Mongolian,3,0,True,,"library, transit"
Kent School District,Soninke,3,0,True,,"library, transit"
Auburn School District,Romanian,3,0,True,,"library, transit"
Kent School District,Rohingya,3,0,True,,"library, transit"
Federal Way School District,Thai,2,0,True,,"library, transit"
Tukwila School District,Hawaiian,2,0,True,,"library, transit"
Tukwila School District,Ilokano,2,0,True,,"library, transit"
Federal Way School District,Twi,2,0,True,,"library, transit"
Auburn School District,Igbo,2,0,True,,"library, transit"
Federal Way School District,Taishanese,2,0,True,,"library, transit"
Highline School District,Bambara,2,0,True,,"library, transit"
Highline School District,Fallani,2,0,True,,"library, transit"
Highline School District,Fula,2,0,True,,"library, transit"
Federal Way School District,Wolof,2,0,True,,"library, transit"
Tukwila School District,Chamorro,2,0,True,,"library, transit"
Auburn School District,Hawaiian,2,0,True,,"library, transit"
Tukwila School District,Cham,2,0,True,,"library, transit"
Kent School District,Dutch,2,0,True,,"library, transit"
Kent School District,Eritai,2,0,True,,"library, transit"
Kent School District,Fallani,2,0,True,,"library, transit"
Kent School District,German,2,0,True,,"library, transit"
Kent School District,Hungarian,2,0,True,,"library, transit"
Federal Way School District,Malayalam,2,0,True,,"library, transit"
Federal Way School District,Kurdish,2,0,True,,"library, transit"
Kent School District,Igbo,2,0,True,,"library, transit"
Renton School District,Nuer,2,0,True,,"library, transit"
Renton School District,Mixteco,2,0,True,,"library, transit"
Renton School District,Shona,2,0,True,,"library, transit"
Renton School District,Purepecha,2,0,True,,"library, transit"
Kent School District,Cham,2,0,True,,"library, transit"
Kent School District,Bosnian,2,0,True,,"library, transit"
Federal Way School District,Kikuyu,2,0,True,,"library, transit"
Highline School District,Tongan,2,0,True,,"library, transit"
Kent School District,Aguacateco,2,0,True,,"library, transit"
Federal Way School District,Nepali,2,0,True,,"library, transit"
Highline School District,Lao,2,0,True,,"library, transit"
Federal Way School District,Kinyarwanda,2,0,True,,"library, transit"
Kent School District,Albanian,2,0,True,,"library, transit"
Renton School District,Marquesan,2,0,True,,"library, transit"
Kent School District,Chinese-Taiwanese,2,0,True,,"library, transit"
Federal Way School District,Gujarati,2,0,True,,"library, transit"
Auburn School District,Mandinka,2,0,True,,"library, transit"
Kent School District,Italian,2,0,True,,"library, transit"
Federal Way School District,Indonesian,2,0,True,,"library, transit"
Auburn School District,Mongolian,2,0,True,,"library, transit"
Auburn School District,Malayalam,2,0,True,,"library, transit"
Federal Way School District,Japanese,2,1,False,Federal Way,"library, transit"
Kent School District,Mandingo,2,0,True,,"library, transit"
Kent School District,Latvian,2,0,True,,"library, transit"
Federal Way School District,Bengali,2,0,True,,"library, transit"
Federal Way School District,Bulgarian,2,0,True,,"library, transit"
Federal Way School District,Cebuano,2,0,True,,"library, transit"
Federal Way School District,Chamorro,2,0,True,,"library, transit"
Auburn School District,Polish,2,0,True,,"library, transit"
Kent School District,Tarasco,2,0,True,,"library, transit"
Kent School District,Pere,2,0,True,,"library, transit"
Kent School District,Serbo-Croation,2,0,True,,"library, transit"
Kent School District,Tajiki,2,0,True,,"library, transit"
Auburn School District,Wolof,2,0,True,,"library, transit"
Kent School District,Kmhmu,2,0,True,,"library, transit"
Auburn School District,Yoruba,2,0,True,,"library, transit"
Kent School District,Sinhalese,2,0,True,,"library, transit"
Kent School District,Sotho,2,0,True,,"library, transit"
Auburn School District,Luganda,2,0,True,,"library, transit"
Renton School District,Mandinka,2,0,True,,"library, transit"
Renton School District,Egyptian-Arabic,2,0,True,,"library, transit"
Renton School District,Estonian,2,0,True,,"library, transit"
Renton School District,Fula,2,0,True,,"library, transit"
Renton School District,German,2,0,True,,"library, transit"
Renton School District,"Greek, Modern",2,0,True,,"library, transit"
Renton School District,Kongo,2,0,True,,"library, transit"
Renton School District,Kurdish,2,0,True,,"library, transit"
Renton School District,Indonesian,2,0,True,,"library, transit"
Renton School District,Kazakh,2,0,True,,"library, transit"
Kent School District,Twi,2,0,True,,"library, transit"
Renton School District,Malayalam,2,0,True,,"library, transit"
Renton School District,Chinese-Fukienese,2,0,True,,"library, transit"
Tukwila School District,Kirundi,2,0,True,,"library, transit"
Auburn School District,Ewe,2,0,True,,"library, transit"
Auburn School District,Chinese-Cantonese,2,3,False,Auburn Station,"library, transit"
Auburn School District,Chin,2,0,True,,"library, transit"
Tukwila School District,Malay,1,0,True,,"library, transit"
Tukwila School District,Malayalam,1,0,True,,"library, transit"
Tukwila School District,Kikuyu,1,0,True,,"library, transit"
Tukwila School District,Krio,1,0,True,,"library, transit"
Tukwila School District,Twi,1,0,True,,"library, transit"
Auburn School District,Acholi,1,0,True,,"library, transit"
Renton School District,Haitian Creole,1,0,True,,"library, transit"
Renton School District,Italian,1,0,True,,"library, transit"
Renton School District,Kannada,1,0,True,,"library, transit"
Renton School District,Kirgiz,1,0,True,,"library, transit"
Renton School District,Malay,1,0,True,,"library, transit"
Renton School District,Azerbaijani,1,0,True,,"library, transit"
Renton School District,Bassa,1,0,True,,"library, transit"
Renton School District,Bosnian,1,0,True,,"library, transit"
Renton School District,Bulgarian,1,0,True,,"library, transit"
Renton School District,Catalan,1,0,True,,"library, transit"
Federal Way School District,Azerbaijani,1,0,True,,"library, transit"
Federal Way School District,Bangala,1,0,True,,"library, transit"
Federal Way School District,Chin,1,0,True,,"library, transit"
Kent School District,Sao,1,0,True,,"library, transit"
Kent School District,Krahn,1,0,True,,"library, transit"
Kent School District,Krio,1,0,True,,"library, transit"
Kent School District,Malay,1,0,True,,"library, transit"
Kent School District,Moldavian,1,0,True,,"library, transit"
Auburn School District,Mam,1,0,True,,"library, transit"
Auburn School District,"Nahuatl, Guerrero region",1,0,True,,"library, transit"
Auburn School District,Nuer,1,0,True,,"library, transit"
Auburn School District,Oromo,1,0,True,,"library, transit"
Renton School District,Maya-Quiche,1,0,True,,"library, transit"
Federal Way School District,Chinese-Taiwanese,1,0,True,,"library, transit"
Federal Way School District,Dutch,1,0,True,,"library, transit"
Federal Way School District,Herero,1,0,True,,"library, transit"
Federal Way School District,Ilokano,1,0,True,,"library, transit"
Kent School District,Kannada,1,0,True,,"library, transit"
Kent School District,Ga,1,0,True,,"library, transit"
Kent School District,Gujarati,1,0,True,,"library, transit"
Kent School District,Haitian Creole,1,0,True,,"library, transit"
Federal Way School District,Kru,1,0,True,,"library, transit"
Federal Way School District,Lao,1,0,True,,"library, transit"
Federal Way School District,Malay,1,0,True,,"library, transit"
Federal Way School District,Mandingo,1,0,True,,"library, transit"
Kent School District,Carolinian,1,0,True,,"library, transit"
Renton School District,Serbo-Croation,1,0,True,,"library, transit"
Renton School District,Slovenian,1,0,True,,"library, transit"
Highline School District,Tibetan,1,0,True,,"library, transit"
Highline School District,Turkish,1,0,True,,"library, transit"
Kent School District,Azerbaijani,1,0,True,,"library, transit"
Federal Way School District,Karen,1,0,True,,"library, transit"
Highline School District,Mien,1,0,True,,"library, transit"
Highline School District,Palau,1,0,True,,"library, transit"
Highline School District,Romanian,1,0,True,,"library, transit"
Federal Way School District,Pashai,1,0,True,,"library, transit"
Federal Way School District,Polish,1,0,True,,"library, transit"
Federal Way School District,Romanian,1,0,True,,"library, transit"
Federal Way School District,Soninke,1,0,True,,"library, transit"
Highline School District,"Greek, Modern",1,0,True,,"library, transit"
Highline School District,Ilokano,1,0,True,,"library, transit"
Highline School District,Karen,1,0,True,,"library, transit"
Tukwila School District,Bengali,1,0,True,,"library, transit"
Tukwila School District,Chinese-Taiwanese,1,0,True,,"library, transit"
Tukwila School District,Dinka,1,0,True,,"library, transit"
Auburn School District,German,1,0,True,,"library, transit"
Auburn School District,Hausa,1,0,True,,"library, transit"
Highline School District,Albanian,1,0,True,,"library, transit"
Highline School District,American Sign Language,1,0,True,,"library, transit"
Highline School District,Chin,1,0,True,,"library, transit"
Highline School District,Eritai,1,0,True,,"library, transit"
Federal Way School District,Moore,1,0,True,,"library, transit"
Tukwila School District,Romanian,1,0,True,,"library, transit"
Tukwila School District,Soninke,1,0,True,,"library, transit"
Federal Way School District,Tamil,1,0,True,,"library, transit"
Federal Way School District,Tedim,1,0,True,,"library, transit"
Auburn School District,Italian,1,0,True,,"library, transit"
Auburn School District,Kakwa,1,0,True,,"library, transit"
Auburn School District,Karen,1,0,True,,"library, transit"
Auburn School District,Krahn,1,0,True,,"library, transit"
Tukwila School District,Fallani,1,0,True,,"library, transit"
Tukwila School District,Haitian Creole,1,0,True,,"library, transit"
Tukwila School District,Hindi,1,1,False,Tukwila,"library, transit"
