language,families_south_king_county,kc_tier,kc_status,on_tier_map,tier_map_source,tier_map_vintage
Spanish,19569,1,translation REQUIRED,True,https://cdn.kingcounty.gov/-/media/king-county/depts/executive-services/policies/documents/inf-14-2-aeo-appendix-c.pdf,"2016 Census data, current as of October 2018"
Dari,3040,,NOT ON THE TIER MAP,False,https://cdn.kingcounty.gov/-/media/king-county/depts/executive-services/policies/documents/inf-14-2-aeo-appendix-c.pdf,"2016 Census data, current as of October 2018"
Vietnamese,2033,2,translation recommended,True,https://cdn.kingcounty.gov/-/media/king-county/depts/executive-services/policies/documents/inf-14-2-aeo-appendix-c.pdf,"2016 Census data, current as of October 2018"
Ukrainian,1781,2,translation recommended,True,https://cdn.kingcounty.gov/-/media/king-county/depts/executive-services/policies/documents/inf-14-2-aeo-appendix-c.pdf,"2016 Census data, current as of October 2018"
Pashto,1127,,NOT ON THE TIER MAP,False,https://cdn.kingcounty.gov/-/media/king-county/depts/executive-services/policies/documents/inf-14-2-aeo-appendix-c.pdf,"2016 Census data, current as of October 2018"
Somali,1078,2,translation recommended,True,https://cdn.kingcounty.gov/-/media/king-county/depts/executive-services/policies/documents/inf-14-2-aeo-appendix-c.pdf,"2016 Census data, current as of October 2018"
Russian,873,2,translation recommended,True,https://cdn.kingcounty.gov/-/media/king-county/depts/executive-services/policies/documents/inf-14-2-aeo-appendix-c.pdf,"2016 Census data, current as of October 2018"
Punjabi,785,3,translation encouraged,True,https://cdn.kingcounty.gov/-/media/king-county/depts/executive-services/policies/documents/inf-14-2-aeo-appendix-c.pdf,"2016 Census data, current as of October 2018"
Arabic,620,2,translation recommended,True,https://cdn.kingcounty.gov/-/media/king-county/depts/executive-services/policies/documents/inf-14-2-aeo-appendix-c.pdf,"2016 Census data, current as of October 2018"
Marshallese,446,,NOT ON THE TIER MAP,False,https://cdn.kingcounty.gov/-/media/king-county/depts/executive-services/policies/documents/inf-14-2-aeo-appendix-c.pdf,"2016 Census data, current as of October 2018"
Amharic,432,2,translation recommended,True,https://cdn.kingcounty.gov/-/media/king-county/depts/executive-services/policies/documents/inf-14-2-aeo-appendix-c.pdf,"2016 Census data, current as of October 2018"
Chinese-Cantonese,412,2,translation recommended,True,https://cdn.kingcounty.gov/-/media/king-county/depts/executive-services/policies/documents/inf-14-2-aeo-appendix-c.pdf,"2016 Census data, current as of October 2018"
Tagalog,353,3,translation encouraged,True,https://cdn.kingcounty.gov/-/media/king-county/depts/executive-services/policies/documents/inf-14-2-aeo-appendix-c.pdf,"2016 Census data, current as of October 2018"
Portuguese,337,,NOT ON THE TIER MAP,False,https://cdn.kingcounty.gov/-/media/king-county/depts/executive-services/policies/documents/inf-14-2-aeo-appendix-c.pdf,"2016 Census data, current as of October 2018"
Farsi,328,3,translation encouraged,True,https://cdn.kingcounty.gov/-/media/king-county/depts/executive-services/policies/documents/inf-14-2-aeo-appendix-c.pdf,"2016 Census data, current as of October 2018"
French,295,,NOT ON THE TIER MAP,False,https://cdn.kingcounty.gov/-/media/king-county/depts/executive-services/policies/documents/inf-14-2-aeo-appendix-c.pdf,"2016 Census data, current as of October 2018"
Khmer,292,3,translation encouraged,True,https://cdn.kingcounty.gov/-/media/king-county/depts/executive-services/policies/documents/inf-14-2-aeo-appendix-c.pdf,"2016 Census data, current as of October 2018"
Burmese,249,3,translation encouraged,True,https://cdn.kingcounty.gov/-/media/king-county/depts/executive-services/policies/documents/inf-14-2-aeo-appendix-c.pdf,"2016 Census data, current as of October 2018"
Chinese-Mandarin,248,2,translation recommended,True,https://cdn.kingcounty.gov/-/media/king-county/depts/executive-services/policies/documents/inf-14-2-aeo-appendix-c.pdf,"2016 Census data, current as of October 2018"
Tigrinya,175,3,translation encouraged,True,https://cdn.kingcounty.gov/-/media/king-county/depts/executive-services/policies/documents/inf-14-2-aeo-appendix-c.pdf,"2016 Census data, current as of October 2018"
Turkish,161,,NOT ON THE TIER MAP,False,https://cdn.kingcounty.gov/-/media/king-county/depts/executive-services/policies/documents/inf-14-2-aeo-appendix-c.pdf,"2016 Census data, current as of October 2018"
Nepali,150,3,translation encouraged,True,https://cdn.kingcounty.gov/-/media/king-county/depts/executive-services/policies/documents/inf-14-2-aeo-appendix-c.pdf,"2016 Census data, current as of October 2018"
Korean,139,2,translation recommended,True,https://cdn.kingcounty.gov/-/media/king-county/depts/executive-services/policies/documents/inf-14-2-aeo-appendix-c.pdf,"2016 Census data, current as of October 2018"
Swahili,128,,NOT ON THE TIER MAP,False,https://cdn.kingcounty.gov/-/media/king-county/depts/executive-services/policies/documents/inf-14-2-aeo-appendix-c.pdf,"2016 Census data, current as of October 2018"
Hindi,116,3,translation encouraged,True,https://cdn.kingcounty.gov/-/media/king-county/depts/executive-services/policies/documents/inf-14-2-aeo-appendix-c.pdf,"2016 Census data, current as of October 2018"
Samoan,111,3,translation encouraged,True,https://cdn.kingcounty.gov/-/media/king-county/depts/executive-services/policies/documents/inf-14-2-aeo-appendix-c.pdf,"2016 Census data, current as of October 2018"
Chuukese,111,,NOT ON THE TIER MAP,False,https://cdn.kingcounty.gov/-/media/king-county/depts/executive-services/policies/documents/inf-14-2-aeo-appendix-c.pdf,"2016 Census data, current as of October 2018"
Oromo,84,3,translation encouraged,True,https://cdn.kingcounty.gov/-/media/king-county/depts/executive-services/policies/documents/inf-14-2-aeo-appendix-c.pdf,"2016 Census data, current as of October 2018"
Romanian,73,,NOT ON THE TIER MAP,False,https://cdn.kingcounty.gov/-/media/king-county/depts/executive-services/policies/documents/inf-14-2-aeo-appendix-c.pdf,"2016 Census data, current as of October 2018"
Lao,71,,NOT ON THE TIER MAP,False,https://cdn.kingcounty.gov/-/media/king-county/depts/executive-services/policies/documents/inf-14-2-aeo-appendix-c.pdf,"2016 Census data, current as of October 2018"
Lingala,62,,NOT ON THE TIER MAP,False,https://cdn.kingcounty.gov/-/media/king-county/depts/executive-services/policies/documents/inf-14-2-aeo-appendix-c.pdf,"2016 Census data, current as of October 2018"
Kosraean,52,,NOT ON THE TIER MAP,False,https://cdn.kingcounty.gov/-/media/king-county/depts/executive-services/policies/documents/inf-14-2-aeo-appendix-c.pdf,"2016 Census data, current as of October 2018"
Kurdish,51,,NOT ON THE TIER MAP,False,https://cdn.kingcounty.gov/-/media/king-county/depts/executive-services/policies/documents/inf-14-2-aeo-appendix-c.pdf,"2016 Census data, current as of October 2018"
Urdu,51,,NOT ON THE TIER MAP,False,https://cdn.kingcounty.gov/-/media/king-county/depts/executive-services/policies/documents/inf-14-2-aeo-appendix-c.pdf,"2016 Census data, current as of October 2018"
Tongan,46,,NOT ON THE TIER MAP,False,https://cdn.kingcounty.gov/-/media/king-county/depts/executive-services/policies/documents/inf-14-2-aeo-appendix-c.pdf,"2016 Census data, current as of October 2018"
Haitian Creole,46,,NOT ON THE TIER MAP,False,https://cdn.kingcounty.gov/-/media/king-county/depts/executive-services/policies/documents/inf-14-2-aeo-appendix-c.pdf,"2016 Census data, current as of October 2018"
Japanese,43,3,translation encouraged,True,https://cdn.kingcounty.gov/-/media/king-county/depts/executive-services/policies/documents/inf-14-2-aeo-appendix-c.pdf,"2016 Census data, current as of October 2018"
Ilokano,43,,NOT ON THE TIER MAP,False,https://cdn.kingcounty.gov/-/media/king-county/depts/executive-services/policies/documents/inf-14-2-aeo-appendix-c.pdf,"2016 Census data, current as of October 2018"
Thai,35,,NOT ON THE TIER MAP,False,https://cdn.kingcounty.gov/-/media/king-county/depts/executive-services/policies/documents/inf-14-2-aeo-appendix-c.pdf,"2016 Census data, current as of October 2018"
American Sign Language,34,,NOT ON THE TIER MAP,False,https://cdn.kingcounty.gov/-/media/king-county/depts/executive-services/policies/documents/inf-14-2-aeo-appendix-c.pdf,"2016 Census data, current as of October 2018"
Soninke,29,,NOT ON THE TIER MAP,False,https://cdn.kingcounty.gov/-/media/king-county/depts/executive-services/policies/documents/inf-14-2-aeo-appendix-c.pdf,"2016 Census data, current as of October 2018"
Wolof,28,,NOT ON THE TIER MAP,False,https://cdn.kingcounty.gov/-/media/king-county/depts/executive-services/policies/documents/inf-14-2-aeo-appendix-c.pdf,"2016 Census data, current as of October 2018"
Mien,28,,NOT ON THE TIER MAP,False,https://cdn.kingcounty.gov/-/media/king-county/depts/executive-services/policies/documents/inf-14-2-aeo-appendix-c.pdf,"2016 Census data, current as of October 2018"
Karen,24,,NOT ON THE TIER MAP,False,https://cdn.kingcounty.gov/-/media/king-county/depts/executive-services/policies/documents/inf-14-2-aeo-appendix-c.pdf,"2016 Census data, current as of October 2018"
Dinka,24,,NOT ON THE TIER MAP,False,https://cdn.kingcounty.gov/-/media/king-county/depts/executive-services/policies/documents/inf-14-2-aeo-appendix-c.pdf,"2016 Census data, current as of October 2018"
Bengali,23,,NOT ON THE TIER MAP,False,https://cdn.kingcounty.gov/-/media/king-county/depts/executive-services/policies/documents/inf-14-2-aeo-appendix-c.pdf,"2016 Census data, current as of October 2018"
Kinyarwanda,23,,NOT ON THE TIER MAP,False,https://cdn.kingcounty.gov/-/media/king-county/depts/executive-services/policies/documents/inf-14-2-aeo-appendix-c.pdf,"2016 Census data, current as of October 2018"
Cham,21,,NOT ON THE TIER MAP,False,https://cdn.kingcounty.gov/-/media/king-county/depts/executive-services/policies/documents/inf-14-2-aeo-appendix-c.pdf,"2016 Census data, current as of October 2018"
Cebuano,20,,NOT ON THE TIER MAP,False,https://cdn.kingcounty.gov/-/media/king-county/depts/executive-services/policies/documents/inf-14-2-aeo-appendix-c.pdf,"2016 Census data, current as of October 2018"
Telugu,19,,NOT ON THE TIER MAP,False,https://cdn.kingcounty.gov/-/media/king-county/depts/executive-services/policies/documents/inf-14-2-aeo-appendix-c.pdf,"2016 Census data, current as of October 2018"
Fula,19,,NOT ON THE TIER MAP,False,https://cdn.kingcounty.gov/-/media/king-county/depts/executive-services/policies/documents/inf-14-2-aeo-appendix-c.pdf,"2016 Census data, current as of October 2018"
Tamil,19,,NOT ON THE TIER MAP,False,https://cdn.kingcounty.gov/-/media/king-county/depts/executive-services/policies/documents/inf-14-2-aeo-appendix-c.pdf,"2016 Census data, current as of October 2018"
Tedim,17,,NOT ON THE TIER MAP,False,https://cdn.kingcounty.gov/-/media/king-county/depts/executive-services/policies/documents/inf-14-2-aeo-appendix-c.pdf,"2016 Census data, current as of October 2018"
Uzbek,17,,NOT ON THE TIER MAP,False,https://cdn.kingcounty.gov/-/media/king-county/depts/executive-services/policies/documents/inf-14-2-aeo-appendix-c.pdf,"2016 Census data, current as of October 2018"
Bosnian,16,,NOT ON THE TIER MAP,False,https://cdn.kingcounty.gov/-/media/king-county/depts/executive-services/policies/documents/inf-14-2-aeo-appendix-c.pdf,"2016 Census data, current as of October 2018"
Gujarati,16,,NOT ON THE TIER MAP,False,https://cdn.kingcounty.gov/-/media/king-county/depts/executive-services/policies/documents/inf-14-2-aeo-appendix-c.pdf,"2016 Census data, current as of October 2018"
Taishanese,16,,NOT ON THE TIER MAP,False,https://cdn.kingcounty.gov/-/media/king-county/depts/executive-services/policies/documents/inf-14-2-aeo-appendix-c.pdf,"2016 Census data, current as of October 2018"
Palau,14,,NOT ON THE TIER MAP,False,https://cdn.kingcounty.gov/-/media/king-county/depts/executive-services/policies/documents/inf-14-2-aeo-appendix-c.pdf,"2016 Census data, current as of October 2018"
Maay Maay,14,,NOT ON THE TIER MAP,False,https://cdn.kingcounty.gov/-/media/king-county/depts/executive-services/policies/documents/inf-14-2-aeo-appendix-c.pdf,"2016 Census data, current as of October 2018"
Malayalam,14,,NOT ON THE TIER MAP,False,https://cdn.kingcounty.gov/-/media/king-county/depts/executive-services/policies/documents/inf-14-2-aeo-appendix-c.pdf,"2016 Census data, current as of October 2018"
Hmong,13,,NOT ON THE TIER MAP,False,https://cdn.kingcounty.gov/-/media/king-county/depts/executive-services/policies/documents/inf-14-2-aeo-appendix-c.pdf,"2016 Census data, current as of October 2018"
Kirundi,12,,NOT ON THE TIER MAP,False,https://cdn.kingcounty.gov/-/media/king-county/depts/executive-services/policies/documents/inf-14-2-aeo-appendix-c.pdf,"2016 Census data, current as of October 2018"
Mongolian,11,,NOT ON THE TIER MAP,False,https://cdn.kingcounty.gov/-/media/king-county/depts/executive-services/policies/documents/inf-14-2-aeo-appendix-c.pdf,"2016 Census data, current as of October 2018"
Indonesian,11,,NOT ON THE TIER MAP,False,https://cdn.kingcounty.gov/-/media/king-county/depts/executive-services/policies/documents/inf-14-2-aeo-appendix-c.pdf,"2016 Census data, current as of October 2018"
Chinese-Taiwanese,10,,NOT ON THE TIER MAP,False,https://cdn.kingcounty.gov/-/media/king-county/depts/executive-services/policies/documents/inf-14-2-aeo-appendix-c.pdf,"2016 Census data, current as of October 2018"
Albanian,9,,NOT ON THE TIER MAP,False,https://cdn.kingcounty.gov/-/media/king-county/depts/executive-services/policies/documents/inf-14-2-aeo-appendix-c.pdf,"2016 Census data, current as of October 2018"
Chamorro,9,,NOT ON THE TIER MAP,False,https://cdn.kingcounty.gov/-/media/king-county/depts/executive-services/policies/documents/inf-14-2-aeo-appendix-c.pdf,"2016 Census data, current as of October 2018"
Luganda,8,,NOT ON THE TIER MAP,False,https://cdn.kingcounty.gov/-/media/king-county/depts/executive-services/policies/documents/inf-14-2-aeo-appendix-c.pdf,"2016 Census data, current as of October 2018"
Mandingo,8,,NOT ON THE TIER MAP,False,https://cdn.kingcounty.gov/-/media/king-county/depts/executive-services/policies/documents/inf-14-2-aeo-appendix-c.pdf,"2016 Census data, current as of October 2018"
Hawaiian,7,,NOT ON THE TIER MAP,False,https://cdn.kingcounty.gov/-/media/king-county/depts/executive-services/policies/documents/inf-14-2-aeo-appendix-c.pdf,"2016 Census data, current as of October 2018"
Kikuyu,7,,NOT ON THE TIER MAP,False,https://cdn.kingcounty.gov/-/media/king-county/depts/executive-services/policies/documents/inf-14-2-aeo-appendix-c.pdf,"2016 Census data, current as of October 2018"
Nuer,7,,NOT ON THE TIER MAP,False,https://cdn.kingcounty.gov/-/media/king-county/depts/executive-services/policies/documents/inf-14-2-aeo-appendix-c.pdf,"2016 Census data, current as of October 2018"
Chin,7,,NOT ON THE TIER MAP,False,https://cdn.kingcounty.gov/-/media/king-county/depts/executive-services/policies/documents/inf-14-2-aeo-appendix-c.pdf,"2016 Census data, current as of October 2018"
Ayula-Bambara,6,,NOT ON THE TIER MAP,False,https://cdn.kingcounty.gov/-/media/king-county/depts/executive-services/policies/documents/inf-14-2-aeo-appendix-c.pdf,"2016 Census data, current as of October 2018"
Bulgarian,6,,NOT ON THE TIER MAP,False,https://cdn.kingcounty.gov/-/media/king-county/depts/executive-services/policies/documents/inf-14-2-aeo-appendix-c.pdf,"2016 Census data, current as of October 2018"
Rohingya,6,,NOT ON THE TIER MAP,False,https://cdn.kingcounty.gov/-/media/king-county/depts/executive-services/policies/documents/inf-14-2-aeo-appendix-c.pdf,"2016 Census data, current as of October 2018"
Karenni,5,,NOT ON THE TIER MAP,False,https://cdn.kingcounty.gov/-/media/king-county/depts/executive-services/policies/documents/inf-14-2-aeo-appendix-c.pdf,"2016 Census data, current as of October 2018"
German,5,,NOT ON THE TIER MAP,False,https://cdn.kingcounty.gov/-/media/king-county/depts/executive-services/policies/documents/inf-14-2-aeo-appendix-c.pdf,"2016 Census data, current as of October 2018"
Tarasco,5,,NOT ON THE TIER MAP,False,https://cdn.kingcounty.gov/-/media/king-county/depts/executive-services/policies/documents/inf-14-2-aeo-appendix-c.pdf,"2016 Census data, current as of October 2018"
Fallani,5,,NOT ON THE TIER MAP,False,https://cdn.kingcounty.gov/-/media/king-county/depts/executive-services/policies/documents/inf-14-2-aeo-appendix-c.pdf,"2016 Census data, current as of October 2018"
Twi,5,,NOT ON THE TIER MAP,False,https://cdn.kingcounty.gov/-/media/king-county/depts/executive-services/policies/documents/inf-14-2-aeo-appendix-c.pdf,"2016 Census data, current as of October 2018"
Malay,4,,NOT ON THE TIER MAP,False,https://cdn.kingcounty.gov/-/media/king-county/depts/executive-services/policies/documents/inf-14-2-aeo-appendix-c.pdf,"2016 Census data, current as of October 2018"
Hausa,4,,NOT ON THE TIER MAP,False,https://cdn.kingcounty.gov/-/media/king-county/depts/executive-services/policies/documents/inf-14-2-aeo-appendix-c.pdf,"2016 Census data, current as of October 2018"
Italian,4,,NOT ON THE TIER MAP,False,https://cdn.kingcounty.gov/-/media/king-county/depts/executive-services/policies/documents/inf-14-2-aeo-appendix-c.pdf,"2016 Census data, current as of October 2018"
Igbo,4,,NOT ON THE TIER MAP,False,https://cdn.kingcounty.gov/-/media/king-county/depts/executive-services/policies/documents/inf-14-2-aeo-appendix-c.pdf,"2016 Census data, current as of October 2018"
Mandinka,4,,NOT ON THE TIER MAP,False,https://cdn.kingcounty.gov/-/media/king-county/depts/executive-services/policies/documents/inf-14-2-aeo-appendix-c.pdf,"2016 Census data, current as of October 2018"
Maya-Quiche,4,,NOT ON THE TIER MAP,False,https://cdn.kingcounty.gov/-/media/king-county/depts/executive-services/policies/documents/inf-14-2-aeo-appendix-c.pdf,"2016 Census data, current as of October 2018"
Mam,4,,NOT ON THE TIER MAP,False,https://cdn.kingcounty.gov/-/media/king-county/depts/executive-services/policies/documents/inf-14-2-aeo-appendix-c.pdf,"2016 Census data, current as of October 2018"
Marathi,4,,NOT ON THE TIER MAP,False,https://cdn.kingcounty.gov/-/media/king-county/depts/executive-services/policies/documents/inf-14-2-aeo-appendix-c.pdf,"2016 Census data, current as of October 2018"
Yap,4,,NOT ON THE TIER MAP,False,https://cdn.kingcounty.gov/-/media/king-county/depts/executive-services/policies/documents/inf-14-2-aeo-appendix-c.pdf,"2016 Census data, current as of October 2018"
Kakwa,4,,NOT ON THE TIER MAP,False,https://cdn.kingcounty.gov/-/media/king-county/depts/executive-services/policies/documents/inf-14-2-aeo-appendix-c.pdf,"2016 Census data, current as of October 2018"
Moore,4,,NOT ON THE TIER MAP,False,https://cdn.kingcounty.gov/-/media/king-county/depts/executive-services/policies/documents/inf-14-2-aeo-appendix-c.pdf,"2016 Census data, current as of October 2018"
Bangala,4,,NOT ON THE TIER MAP,False,https://cdn.kingcounty.gov/-/media/king-county/depts/executive-services/policies/documents/inf-14-2-aeo-appendix-c.pdf,"2016 Census data, current as of October 2018"
Eritai,3,,NOT ON THE TIER MAP,False,https://cdn.kingcounty.gov/-/media/king-county/depts/executive-services/policies/documents/inf-14-2-aeo-appendix-c.pdf,"2016 Census data, current as of October 2018"
Akateko,3,,NOT ON THE TIER MAP,False,https://cdn.kingcounty.gov/-/media/king-county/depts/executive-services/policies/documents/inf-14-2-aeo-appendix-c.pdf,"2016 Census data, current as of October 2018"
"Greek, Modern",3,,NOT ON THE TIER MAP,False,https://cdn.kingcounty.gov/-/media/king-county/depts/executive-services/policies/documents/inf-14-2-aeo-appendix-c.pdf,"2016 Census data, current as of October 2018"
Azerbaijani,3,,NOT ON THE TIER MAP,False,https://cdn.kingcounty.gov/-/media/king-county/depts/executive-services/policies/documents/inf-14-2-aeo-appendix-c.pdf,"2016 Census data, current as of October 2018"
Armenian,3,,NOT ON THE TIER MAP,False,https://cdn.kingcounty.gov/-/media/king-county/depts/executive-services/policies/documents/inf-14-2-aeo-appendix-c.pdf,"2016 Census data, current as of October 2018"
Serbo-Croation,3,,NOT ON THE TIER MAP,False,https://cdn.kingcounty.gov/-/media/king-county/depts/executive-services/policies/documents/inf-14-2-aeo-appendix-c.pdf,"2016 Census data, current as of October 2018"
Dutch,3,,NOT ON THE TIER MAP,False,https://cdn.kingcounty.gov/-/media/king-county/depts/executive-services/policies/documents/inf-14-2-aeo-appendix-c.pdf,"2016 Census data, current as of October 2018"
Polish,3,,NOT ON THE TIER MAP,False,https://cdn.kingcounty.gov/-/media/king-county/depts/executive-services/policies/documents/inf-14-2-aeo-appendix-c.pdf,"2016 Census data, current as of October 2018"
Aguacateco,2,,NOT ON THE TIER MAP,False,https://cdn.kingcounty.gov/-/media/king-county/depts/executive-services/policies/documents/inf-14-2-aeo-appendix-c.pdf,"2016 Census data, current as of October 2018"
Sinhalese,2,,NOT ON THE TIER MAP,False,https://cdn.kingcounty.gov/-/media/king-county/depts/executive-services/policies/documents/inf-14-2-aeo-appendix-c.pdf,"2016 Census data, current as of October 2018"
Estonian,2,,NOT ON THE TIER MAP,False,https://cdn.kingcounty.gov/-/media/king-county/depts/executive-services/policies/documents/inf-14-2-aeo-appendix-c.pdf,"2016 Census data, current as of October 2018"
Bambara,2,,NOT ON THE TIER MAP,False,https://cdn.kingcounty.gov/-/media/king-county/depts/executive-services/policies/documents/inf-14-2-aeo-appendix-c.pdf,"2016 Census data, current as of October 2018"
Egyptian-Arabic,2,,NOT ON THE TIER MAP,False,https://cdn.kingcounty.gov/-/media/king-county/depts/executive-services/policies/documents/inf-14-2-aeo-appendix-c.pdf,"2016 Census data, current as of October 2018"
Yoruba,2,,NOT ON THE TIER MAP,False,https://cdn.kingcounty.gov/-/media/king-county/depts/executive-services/policies/documents/inf-14-2-aeo-appendix-c.pdf,"2016 Census data, current as of October 2018"
Shona,2,,NOT ON THE TIER MAP,False,https://cdn.kingcounty.gov/-/media/king-county/depts/executive-services/policies/documents/inf-14-2-aeo-appendix-c.pdf,"2016 Census data, current as of October 2018"
Tajiki,2,,NOT ON THE TIER MAP,False,https://cdn.kingcounty.gov/-/media/king-county/depts/executive-services/policies/documents/inf-14-2-aeo-appendix-c.pdf,"2016 Census data, current as of October 2018"
Purepecha,2,,NOT ON THE TIER MAP,False,https://cdn.kingcounty.gov/-/media/king-county/depts/executive-services/policies/documents/inf-14-2-aeo-appendix-c.pdf,"2016 Census data, current as of October 2018"
Latvian,2,,NOT ON THE TIER MAP,False,https://cdn.kingcounty.gov/-/media/king-county/depts/executive-services/policies/documents/inf-14-2-aeo-appendix-c.pdf,"2016 Census data, current as of October 2018"
Marquesan,2,,NOT ON THE TIER MAP,False,https://cdn.kingcounty.gov/-/media/king-county/depts/executive-services/policies/documents/inf-14-2-aeo-appendix-c.pdf,"2016 Census data, current as of October 2018"
Mixteco,2,,NOT ON THE TIER MAP,False,https://cdn.kingcounty.gov/-/media/king-county/depts/executive-services/policies/documents/inf-14-2-aeo-appendix-c.pdf,"2016 Census data, current as of October 2018"
Kongo,2,,NOT ON THE TIER MAP,False,https://cdn.kingcounty.gov/-/media/king-county/depts/executive-services/policies/documents/inf-14-2-aeo-appendix-c.pdf,"2016 Census data, current as of October 2018"
Kannada,2,,NOT ON THE TIER MAP,False,https://cdn.kingcounty.gov/-/media/king-county/depts/executive-services/policies/documents/inf-14-2-aeo-appendix-c.pdf,"2016 Census data, current as of October 2018"
Hungarian,2,,NOT ON THE TIER MAP,False,https://cdn.kingcounty.gov/-/media/king-county/depts/executive-services/policies/documents/inf-14-2-aeo-appendix-c.pdf,"2016 Census data, current as of October 2018"
Ewe,2,,NOT ON THE TIER MAP,False,https://cdn.kingcounty.gov/-/media/king-county/depts/executive-services/policies/documents/inf-14-2-aeo-appendix-c.pdf,"2016 Census data, current as of October 2018"
Chinese-Fukienese,2,,NOT ON THE TIER MAP,False,https://cdn.kingcounty.gov/-/media/king-county/depts/executive-services/policies/documents/inf-14-2-aeo-appendix-c.pdf,"2016 Census data, current as of October 2018"
Kmhmu,2,,NOT ON THE TIER MAP,False,https://cdn.kingcounty.gov/-/media/king-county/depts/executive-services/policies/documents/inf-14-2-aeo-appendix-c.pdf,"2016 Census data, current as of October 2018"
Kazakh,2,,NOT ON THE TIER MAP,False,https://cdn.kingcounty.gov/-/media/king-county/depts/executive-services/policies/documents/inf-14-2-aeo-appendix-c.pdf,"2016 Census data, current as of October 2018"
Krahn,2,,NOT ON THE TIER MAP,False,https://cdn.kingcounty.gov/-/media/king-county/depts/executive-services/policies/documents/inf-14-2-aeo-appendix-c.pdf,"2016 Census data, current as of October 2018"
Krio,2,,NOT ON THE TIER MAP,False,https://cdn.kingcounty.gov/-/media/king-county/depts/executive-services/policies/documents/inf-14-2-aeo-appendix-c.pdf,"2016 Census data, current as of October 2018"
Pere,2,,NOT ON THE TIER MAP,False,https://cdn.kingcounty.gov/-/media/king-county/depts/executive-services/policies/documents/inf-14-2-aeo-appendix-c.pdf,"2016 Census data, current as of October 2018"
Sotho,2,,NOT ON THE TIER MAP,False,https://cdn.kingcounty.gov/-/media/king-county/depts/executive-services/policies/documents/inf-14-2-aeo-appendix-c.pdf,"2016 Census data, current as of October 2018"
Acholi,1,,NOT ON THE TIER MAP,False,https://cdn.kingcounty.gov/-/media/king-county/depts/executive-services/policies/documents/inf-14-2-aeo-appendix-c.pdf,"2016 Census data, current as of October 2018"
Herero,1,,NOT ON THE TIER MAP,False,https://cdn.kingcounty.gov/-/media/king-county/depts/executive-services/policies/documents/inf-14-2-aeo-appendix-c.pdf,"2016 Census data, current as of October 2018"
Catalan,1,,NOT ON THE TIER MAP,False,https://cdn.kingcounty.gov/-/media/king-county/depts/executive-services/policies/documents/inf-14-2-aeo-appendix-c.pdf,"2016 Census data, current as of October 2018"
Carolinian,1,,NOT ON THE TIER MAP,False,https://cdn.kingcounty.gov/-/media/king-county/depts/executive-services/policies/documents/inf-14-2-aeo-appendix-c.pdf,"2016 Census data, current as of October 2018"
Bassa,1,,NOT ON THE TIER MAP,False,https://cdn.kingcounty.gov/-/media/king-county/depts/executive-services/policies/documents/inf-14-2-aeo-appendix-c.pdf,"2016 Census data, current as of October 2018"
Ga,1,,NOT ON THE TIER MAP,False,https://cdn.kingcounty.gov/-/media/king-county/depts/executive-services/policies/documents/inf-14-2-aeo-appendix-c.pdf,"2016 Census data, current as of October 2018"
Kru,1,,NOT ON THE TIER MAP,False,https://cdn.kingcounty.gov/-/media/king-county/depts/executive-services/policies/documents/inf-14-2-aeo-appendix-c.pdf,"2016 Census data, current as of October 2018"
Kirgiz,1,,NOT ON THE TIER MAP,False,https://cdn.kingcounty.gov/-/media/king-county/depts/executive-services/policies/documents/inf-14-2-aeo-appendix-c.pdf,"2016 Census data, current as of October 2018"
Moldavian,1,,NOT ON THE TIER MAP,False,https://cdn.kingcounty.gov/-/media/king-county/depts/executive-services/policies/documents/inf-14-2-aeo-appendix-c.pdf,"2016 Census data, current as of October 2018"
Pashai,1,,NOT ON THE TIER MAP,False,https://cdn.kingcounty.gov/-/media/king-county/depts/executive-services/policies/documents/inf-14-2-aeo-appendix-c.pdf,"2016 Census data, current as of October 2018"
"Nahuatl, Guerrero region",1,,NOT ON THE TIER MAP,False,https://cdn.kingcounty.gov/-/media/king-county/depts/executive-services/policies/documents/inf-14-2-aeo-appendix-c.pdf,"2016 Census data, current as of October 2018"
Slovenian,1,,NOT ON THE TIER MAP,False,https://cdn.kingcounty.gov/-/media/king-county/depts/executive-services/policies/documents/inf-14-2-aeo-appendix-c.pdf,"2016 Census data, current as of October 2018"
Sao,1,,NOT ON THE TIER MAP,False,https://cdn.kingcounty.gov/-/media/king-county/depts/executive-services/policies/documents/inf-14-2-aeo-appendix-c.pdf,"2016 Census data, current as of October 2018"
Tibetan,1,,NOT ON THE TIER MAP,False,https://cdn.kingcounty.gov/-/media/king-county/depts/executive-services/policies/documents/inf-14-2-aeo-appendix-c.pdf,"2016 Census data, current as of October 2018"
