NAME,B16001_001E,B16001_002E,B16001_003E,B16001_004E,B16001_005E,B16001_006E,B16001_007E,B16001_008E,B16001_009E,B16001_010E,B16001_011E,B16001_012E,B16001_013E,B16001_014E,B16001_015E,B16001_016E,B16001_017E,B16001_018E,B16001_019E,B16001_020E,B16001_021E,B16001_022E,B16001_023E,B16001_024E,B16001_025E,B16001_026E,B16001_027E,B16001_028E,B16001_029E,B16001_030E,B16001_031E,B16001_032E,B16001_033E,B16001_034E,B16001_035E,B16001_036E,B16001_037E,B16001_038E,B16001_039E,B16001_040E,B16001_041E,B16001_042E,B16001_043E,B16001_044E,B16001_045E,state,public use microdata area,B16001_046E,B16001_047E,B16001_048E,B16001_049E,B16001_050E,B16001_051E,B16001_052E,B16001_053E,B16001_054E,B16001_055E,B16001_056E,B16001_057E,B16001_058E,B16001_059E,B16001_060E,B16001_061E,B16001_062E,B16001_063E,B16001_064E,B16001_065E,B16001_066E,B16001_067E,B16001_068E,B16001_069E,B16001_070E,B16001_071E,B16001_072E,B16001_073E,B16001_074E,B16001_075E,B16001_076E,B16001_077E,B16001_078E,B16001_079E,B16001_080E,B16001_081E,B16001_082E,B16001_083E,B16001_084E,B16001_085E,B16001_086E,B16001_087E,B16001_088E,B16001_089E,B16001_090E,B16001_091E,B16001_092E,B16001_093E,B16001_094E,B16001_095E,B16001_096E,B16001_097E,B16001_098E,B16001_099E,B16001_100E,B16001_101E,B16001_102E,B16001_103E,B16001_104E,B16001_105E,B16001_106E,B16001_107E,B16001_108E,B16001_109E,B16001_110E,B16001_111E,B16001_112E,B16001_113E,B16001_114E,B16001_115E,B16001_116E,B16001_117E,B16001_118E,B16001_119E,B16001_120E,B16001_121E,B16001_122E,B16001_123E,B16001_124E,B16001_125E,B16001_126E,B16001_127E,B16001_128E
"Walla Walla, Benton (Outer) & Franklin (Outer) Counties PUMA; Washington",114235,85315,25544,15639,9905,316,279,37,8,0,8,29,14,15,54,40,14,130,121,9,8,8,0,16,16,0,120,115,5,11,11,0,33,18,15,297,224,73,0,0,0,22,22,0,0,53,20501,0,0,141,94,47,0,0,0,0,0,0,5,5,0,24,24,0,22,22,0,8,8,0,6,6,0,7,7,0,252,93,159,82,28,54,94,27,67,68,29,39,268,147,121,10,0,10,149,105,44,8,0,8,191,151,40,92,70,22,522,442,80,10,10,0,238,202,36,0,0,0,24,3,21,5,0,5,15,15,0,91,83,8
Benton County (East Central)--Kennewick & Richland (South) Cities PUMA; Washington,117570,88894,22430,14010,8420,98,82,16,0,0,0,0,0,0,10,10,0,373,360,13,26,26,0,0,0,0,213,149,64,54,54,0,691,410,281,80,22,58,0,0,0,57,13,44,15,53,20502,15,0,485,305,180,337,315,22,141,141,0,69,50,19,88,88,0,153,145,8,17,17,0,0,0,0,0,0,0,587,250,337,111,90,21,441,280,161,0,0,0,428,218,210,72,0,72,18,0,18,239,115,124,261,202,59,96,29,67,710,289,421,0,0,0,0,0,0,68,68,0,211,211,0,0,0,0,89,89,0,8,8,0
"Franklin & Benton Counties--Pasco, Richland (North) & West Richland Cities PUMA; Washington",117855,75471,37490,22758,14732,89,89,0,0,0,0,6,6,0,59,27,32,319,313,6,75,75,0,8,0,8,707,236,471,28,15,13,198,131,67,834,538,296,0,0,0,0,0,0,0,53,20503,0,0,142,139,3,40,26,14,0,0,0,110,84,26,0,0,0,27,27,0,79,57,22,41,41,0,0,0,0,508,462,46,80,53,27,76,38,38,0,0,0,648,320,328,0,0,0,157,51,106,128,42,86,190,179,11,102,91,11,192,127,65,0,0,0,0,0,0,0,0,0,0,0,0,0,0,0,0,0,0,51,51,0
Chelan & Douglas Counties PUMA; Washington,117416,86711,28720,15730,12990,228,187,41,0,0,0,87,87,0,0,0,0,285,274,11,13,13,0,55,19,36,97,58,39,15,15,0,0,0,0,169,145,24,0,0,0,0,0,0,1,53,20700,1,0,21,21,0,12,12,0,96,64,32,42,22,20,1,1,0,13,13,0,0,0,0,21,13,8,0,0,0,181,122,59,104,80,24,41,41,0,0,0,0,115,1,114,16,0,16,75,10,65,38,8,30,123,53,70,73,47,26,12,12,0,0,0,0,19,19,0,2,2,0,0,0,0,0,0,0,6,6,0,24,24,0
Clallam & Jefferson Counties PUMA; Washington,107634,101007,3061,2205,856,363,339,24,0,0,0,47,47,0,90,90,0,683,575,108,92,89,3,11,11,0,97,60,37,29,20,9,0,0,0,92,92,0,0,0,0,13,13,0,217,53,20900,217,0,44,44,0,10,0,10,23,23,0,0,0,0,0,0,0,220,170,50,20,20,0,5,5,0,0,0,0,266,126,140,137,90,47,52,14,38,0,0,0,74,27,47,18,3,15,79,55,24,138,130,8,164,106,58,95,39,56,14,14,0,21,0,21,8,0,8,39,39,0,36,36,0,2,2,0,219,199,20,148,125,23
Clark County (North)--Battle Ground City & Orchards PUMA; Washington,132723,115754,6242,4169,2073,253,253,0,0,0,0,23,23,0,86,73,13,411,383,28,128,114,14,36,36,0,3534,1939,1595,9,9,0,184,145,39,1795,843,952,30,30,0,69,33,36,0,53,21101,0,0,132,104,28,0,0,0,91,63,28,0,0,0,0,0,0,766,549,217,72,51,21,0,0,0,0,0,0,740,260,480,57,45,12,215,117,98,87,86,1,476,223,253,231,87,144,228,154,74,167,93,74,234,168,66,254,161,93,126,126,0,1,0,1,31,12,19,132,120,12,43,0,43,0,0,0,17,17,0,69,69,0
"Clark County (Southeast)--Vancouver (East), Camas & Washougal Cities PUMA; Washington",114805,94841,6748,4339,2409,197,185,12,0,0,0,16,16,0,48,28,20,418,387,31,39,10,29,45,45,0,2263,1628,635,37,37,0,330,254,76,418,153,265,14,14,0,82,60,22,34,53,21102,34,0,198,136,62,55,55,0,321,146,175,24,24,0,55,55,0,410,391,19,70,65,5,239,150,89,100,71,29,2785,1612,1173,518,343,175,648,387,261,41,0,41,1056,600,456,112,33,79,111,45,66,310,124,186,491,400,91,534,374,160,610,452,158,58,58,0,109,78,31,101,59,42,154,128,26,0,0,0,49,49,0,116,116,0
Clark County (Southwest)--Vancouver City (West & Central) PUMA; Washington,118029,96209,12214,7582,4632,269,239,30,52,52,0,56,48,8,163,147,16,228,163,65,32,32,0,136,136,0,1721,1042,679,14,14,0,278,138,140,831,189,642,38,38,0,187,82,105,12,53,21103,12,0,149,126,23,24,24,0,65,65,0,0,0,0,0,0,0,530,321,209,91,36,55,72,72,0,17,17,0,232,103,129,317,217,100,360,79,281,66,66,0,866,273,593,74,36,38,133,107,26,422,212,210,644,449,195,633,365,268,384,357,27,0,0,0,249,149,100,142,142,0,59,57,2,0,0,0,11,11,0,49,37,12
Clark County (West Central)--Salmon Creek & Hazel Dell PUMA; Washington,122510,100590,8052,5763,2289,513,486,27,70,70,0,23,0,23,502,502,0,481,460,21,40,40,0,19,11,8,3263,1647,1616,0,0,0,363,261,102,966,514,452,127,54,73,238,77,161,110,53,21104,77,33,156,115,41,27,12,15,266,138,128,0,0,0,9,9,0,1027,655,372,28,28,0,11,11,0,0,0,0,1106,673,433,208,176,32,498,235,263,60,49,11,1289,452,837,128,128,0,291,260,31,241,107,134,666,579,87,468,432,36,119,86,33,9,9,0,94,44,50,354,354,0,21,21,0,7,0,7,5,5,0,65,65,0
"Cowlitz, Pacific, & Wahkiakum Counties PUMA; Washington",133646,122908,7668,4502,3166,342,283,59,0,0,0,48,48,0,105,92,13,447,315,132,51,51,0,25,25,0,244,194,50,5,5,0,33,33,0,2,0,2,0,0,0,24,24,0,0,53,21500,0,0,52,25,27,0,0,0,67,67,0,0,0,0,51,51,0,59,49,10,0,0,0,45,0,45,0,0,0,93,65,28,177,111,66,101,41,60,0,0,0,134,30,104,135,55,80,66,36,30,24,16,8,382,201,181,268,60,208,0,0,0,26,26,0,0,0,0,0,0,0,10,10,0,0,0,0,2,2,0,52,35,17
Grant & Kittitas Counties PUMA; Washington,139811,102601,34043,19786,14257,109,100,9,19,19,0,45,45,0,203,144,59,237,217,20,23,23,0,44,44,0,545,451,94,0,0,0,0,0,0,431,236,195,0,0,0,19,19,0,0,53,22500,0,0,83,50,33,2,2,0,5,0,5,0,0,0,8,8,0,115,115,0,0,0,0,64,64,0,0,0,0,179,82,97,99,87,12,19,14,5,24,24,0,167,96,71,10,7,3,20,20,0,44,0,44,206,145,61,101,77,24,57,57,0,7,0,7,30,30,0,0,0,0,110,110,0,14,14,0,15,14,1,113,89,24
Grays Harbor & Mason Counties PUMA; Washington,137917,123716,10570,5621,4949,146,113,33,0,0,0,0,0,0,92,92,0,409,284,125,32,29,3,0,0,0,115,95,20,23,23,0,29,22,7,151,67,84,0,0,0,60,31,29,0,53,22700,0,0,59,59,0,0,0,0,44,29,15,18,0,18,0,0,0,138,122,16,0,0,0,21,21,0,0,0,0,257,74,183,47,47,0,197,121,76,0,0,0,176,70,106,71,71,0,13,7,6,1,0,1,315,147,168,266,206,60,179,117,62,9,9,0,36,0,36,0,0,0,108,108,0,40,7,33,172,172,0,407,138,269
Island & San Juan Counties PUMA; Washington,100709,91694,3887,2787,1100,265,216,49,0,0,0,244,238,6,39,31,8,314,248,66,35,35,0,10,10,0,143,116,27,33,33,0,28,25,3,35,14,21,0,0,0,37,34,3,0,53,22900,0,0,329,210,119,28,28,0,36,23,13,0,0,0,14,14,0,102,93,9,0,0,0,0,0,0,0,0,0,428,286,142,313,191,122,218,100,118,36,0,36,373,109,264,0,0,0,192,42,150,9,9,0,1457,775,682,143,113,30,71,54,17,37,37,0,9,0,9,27,27,0,103,103,0,0,0,0,18,18,0,2,2,0
"King County (Northwest)--Shoreline, Kenmore & Bothell (South) Cities PUMA; Washington",125704,94846,6761,4683,2078,280,244,36,18,18,0,131,131,0,691,374,317,375,345,30,276,262,14,5,5,0,1484,815,669,58,58,0,146,122,24,274,208,66,26,26,0,1011,755,256,141,53,23301,122,19,502,458,44,153,136,17,133,57,76,177,177,0,285,257,28,871,563,308,328,275,53,264,248,16,385,385,0,5425,3080,2345,1331,922,409,1565,666,899,0,0,0,1207,673,534,45,11,34,198,68,130,302,217,85,1746,1125,621,464,306,158,919,718,201,45,32,13,1974,1085,889,127,127,0,541,503,38,0,0,0,0,0,0,194,133,61
"King County (Northeast)--Snoqualmie City, Cottage Lake, Union Hill & Novelty Hill PUMA; Washington",112478,88038,4208,2749,1459,658,611,47,0,0,0,139,130,9,611,413,198,301,197,104,274,260,14,13,13,0,1885,1420,465,455,360,95,63,63,0,349,217,132,0,0,0,443,344,99,205,53,23302,166,39,2225,2031,194,285,253,32,70,63,7,97,68,29,1422,1385,37,726,641,85,1194,967,227,887,771,116,566,525,41,3137,1923,1214,431,218,213,544,276,268,27,19,8,202,139,63,41,0,41,185,50,135,257,234,23,399,239,160,302,223,79,622,221,401,459,437,22,202,202,0,130,127,3,75,75,0,0,0,0,167,167,0,184,170,14
"King County (Northwest)--Redmond, Kirkland Cities, Ingelwood & Finn Hill PUMA; Washington",152977,94294,7134,4996,2138,873,847,26,2,2,0,261,228,33,1395,1017,378,719,611,108,473,355,118,64,64,0,4013,2610,1403,441,387,54,312,230,82,599,467,132,122,73,49,1687,1147,540,752,53,23303,648,104,4744,4242,502,528,393,135,337,235,102,381,352,29,682,558,124,1644,1347,297,2903,2285,618,2312,2079,233,1761,1433,328,13061,8102,4959,1486,971,515,1890,1005,885,131,115,16,1180,460,720,190,130,60,441,235,206,1209,850,359,1076,619,457,247,234,13,1094,788,306,1194,1045,149,253,197,56,102,57,45,174,75,99,0,0,0,486,409,77,330,308,22
King County (Northwest Central)--Greater Bellevue City PUMA; Washington,147794,77183,7233,4433,2800,1759,1460,299,18,18,0,230,213,17,736,485,251,499,430,69,147,126,21,34,34,0,2920,1675,1245,294,262,32,672,538,134,766,438,328,45,45,0,788,547,241,855,53,23304,756,99,6552,6046,506,559,475,84,263,153,110,546,494,52,1377,1079,298,1029,739,290,2933,2219,714,2613,2128,485,1247,1129,118,22597,13800,8797,3016,1644,1372,3849,1937,1912,0,0,0,2154,877,1277,55,45,10,871,148,723,598,462,136,770,583,187,456,308,148,575,396,179,465,465,0,493,289,204,0,0,0,249,249,0,0,0,0,185,137,48,163,83,80
"King County (Central)--Sammamish, Issaquah, Mercer Island & Newcastle Cities PUMA; Washington",148954,96913,4805,3477,1328,1001,677,324,32,32,0,171,167,4,672,542,130,345,293,52,325,309,16,183,164,19,2618,1804,814,315,290,25,76,47,29,739,525,214,0,0,0,887,641,246,800,53,23305,713,87,4489,4178,311,625,601,24,304,212,92,586,559,27,1039,836,203,978,801,177,2593,2353,240,2328,1833,495,1146,1052,94,15045,8756,6289,1455,1100,355,2968,1775,1193,0,0,0,1376,722,654,10,10,0,339,281,58,739,394,345,908,663,245,217,131,86,1031,802,229,347,303,44,59,59,0,33,33,0,20,18,2,0,0,0,35,35,0,402,365,37
"King County (Southeast)--Maple Valley, Covington & Enumclaw Cities PUMA; Washington",123715,103611,4483,2829,1654,591,490,101,0,0,0,165,157,8,184,127,57,491,467,24,30,0,30,25,25,0,1280,691,589,34,13,21,10,10,0,1364,838,526,5,5,0,48,30,18,121,53,23306,121,0,797,657,140,94,94,0,549,322,227,98,11,87,153,123,30,882,670,212,478,424,54,250,175,75,810,717,93,1628,766,862,200,163,37,727,406,321,211,0,211,1041,525,516,164,71,93,340,169,171,419,236,183,1235,964,271,105,83,22,386,258,128,11,11,0,363,283,80,45,45,0,56,56,0,0,0,0,0,0,0,231,205,26
King County (Southwest)--Auburn City & Lakeland PUMA; Washington,119871,75747,17254,9512,7742,212,212,0,3,3,0,41,41,0,106,75,31,59,32,27,103,83,20,38,38,0,3503,1756,1747,113,101,12,0,0,0,4092,1735,2357,0,0,0,964,250,714,143,53,23307,143,0,166,110,56,8,8,0,1642,999,643,62,43,19,39,25,14,363,225,138,52,27,25,68,68,0,59,51,8,1061,344,717,290,168,122,1713,524,1189,0,0,0,2154,813,1341,475,120,355,557,383,174,262,159,103,2277,1555,722,1747,1211,536,1487,1029,458,17,9,8,906,719,187,468,415,53,1240,896,344,0,0,0,188,188,0,192,192,0
"King County (Far Southwest)--Federal Way, Des Moines Cities & Vashon Island PUMA; Washington",124774,75999,19222,9725,9497,949,566,383,45,11,34,115,97,18,320,212,108,235,221,14,44,28,16,40,40,0,2074,496,1578,187,144,43,84,22,62,1135,457,678,0,0,0,1302,854,448,4,53,23308,0,4,225,160,65,171,122,49,242,163,79,31,10,21,120,120,0,436,316,120,0,0,0,0,0,0,136,78,58,1566,722,844,254,172,82,3161,1180,1981,109,72,37,2592,1065,1527,424,356,68,324,221,103,393,34,359,2919,1893,1026,2763,1923,840,1023,659,364,57,57,0,2981,1829,1152,482,258,224,2556,1641,915,6,6,0,1,1,0,47,47,0
King County (Southwest Central)--Kent City PUMA; Washington,127661,71852,15646,8095,7551,747,538,209,65,25,40,120,20,100,150,103,47,115,80,35,11,11,0,4,0,4,1408,481,927,49,49,0,252,181,71,3049,1055,1994,5,5,0,1293,367,926,136,53,23309,57,79,605,432,173,397,226,171,3634,1733,1901,87,23,64,597,248,349,1747,748,999,116,101,15,40,40,0,194,126,68,3097,1295,1802,465,322,143,586,243,343,265,69,196,4575,1861,2714,661,365,296,777,467,310,1558,611,947,4317,2797,1520,2613,1517,1096,1116,651,465,26,26,0,3246,1950,1296,667,489,178,1261,971,290,49,38,11,0,0,0,63,58,5
"King County (Central)--Renton City, Fairwood, Bryn Mawr & Skyway PUMA; Washington",131328,83785,12085,6945,5140,291,280,11,9,9,0,82,78,4,740,495,245,219,203,16,14,14,0,16,16,0,1693,1066,627,161,78,83,72,35,37,988,408,580,245,151,94,132,108,24,176,53,23310,117,59,969,775,194,98,73,25,788,450,338,16,16,0,248,199,49,624,379,245,405,333,72,272,234,38,223,206,17,7263,2830,4433,785,502,283,1880,1043,837,70,49,21,6517,2349,4168,1086,470,616,548,291,257,657,409,248,3608,2434,1174,760,421,339,655,376,279,92,68,24,2099,1331,768,254,137,117,286,284,2,0,0,0,25,25,0,392,301,91
"King County (West Central)--Burien, SeaTac, Tukwila Cities & White Center PUMA; Washington",130442,79584,20211,9525,10686,593,463,130,295,201,94,98,8,90,92,92,0,144,135,9,27,27,0,29,29,0,289,162,127,65,15,50,651,311,340,188,136,52,97,27,70,335,301,34,154,53,23311,69,85,301,180,121,517,313,204,1028,521,507,0,0,0,140,28,112,247,122,125,65,45,20,0,0,0,16,16,0,1019,409,610,483,339,144,576,465,111,51,39,12,6985,2838,4147,1518,650,868,509,200,309,877,264,613,2211,1463,748,1229,691,538,780,422,358,0,0,0,7752,4341,3411,325,281,44,700,414,286,21,0,21,0,0,0,240,240,0
Seattle City (West Seattle-Industrial) PUMA; Washington,101403,82220,5803,4020,1783,757,673,84,0,0,0,202,150,52,265,181,84,597,544,53,180,180,0,88,48,40,669,483,186,196,181,15,73,35,38,560,352,208,31,20,11,313,192,121,47,53,23312,47,0,131,99,32,8,8,0,10,9,1,40,40,0,52,42,10,294,253,41,65,25,40,18,18,0,56,42,14,1492,864,628,458,352,106,591,299,292,0,0,0,1803,905,898,239,92,147,342,188,154,84,61,23,1357,737,620,307,136,171,232,163,69,0,0,0,1466,906,560,155,155,0,97,97,0,17,17,0,14,14,0,74,10,64
Seattle City (Southeast) PUMA; Washington,99493,64142,5691,3152,2539,313,270,43,0,0,0,159,159,0,71,53,18,226,210,16,94,94,0,36,22,14,178,164,14,29,29,0,134,134,0,255,73,182,0,0,0,79,79,0,3,53,23313,0,3,489,489,0,103,103,0,67,67,0,125,48,77,41,41,0,126,114,12,67,57,10,51,51,0,8,8,0,8343,3343,5000,463,327,136,236,142,94,93,59,34,5945,1385,4560,334,191,143,496,233,263,356,185,171,2783,1664,1119,867,518,349,379,157,222,173,157,16,5189,2681,2508,597,164,433,567,410,157,0,0,0,0,0,0,185,59,126
Seattle City (Central) PUMA; Washington,105927,83316,4848,3819,1029,1092,1028,64,0,0,0,205,205,0,265,265,0,1283,1168,115,135,115,20,36,36,0,732,654,78,95,95,0,101,90,11,112,65,47,34,34,0,180,114,66,93,53,23314,93,0,897,775,122,137,137,0,71,37,34,151,119,32,272,272,0,386,386,0,574,574,0,80,80,0,34,23,11,4532,2596,1936,940,746,194,895,619,276,9,9,0,1009,540,469,83,47,36,92,41,51,380,346,34,732,592,140,98,85,13,330,255,75,209,171,38,935,363,572,99,44,55,299,293,6,0,0,0,13,0,13,143,116,27
Seattle City (Lake Union-Downtown) PUMA; Washington,100315,69578,4805,3803,1002,714,674,40,5,5,0,319,281,38,327,210,117,509,479,30,98,98,0,17,17,0,435,245,190,74,74,0,83,70,13,391,204,187,167,167,0,447,355,92,456,53,23315,394,62,6005,5724,281,84,84,0,52,52,0,549,549,0,573,552,21,354,327,27,988,871,117,398,337,61,489,446,43,7477,4675,2802,651,466,185,1611,1178,433,81,81,0,346,308,38,10,10,0,148,13,135,270,219,51,607,588,19,499,426,73,173,100,73,55,37,18,201,112,89,0,0,0,161,95,66,0,0,0,28,28,0,80,80,0
Seattle City (Northwest) PUMA; Washington,100009,86478,3109,2547,562,763,694,69,0,0,0,197,185,12,345,274,71,306,261,45,92,92,0,114,59,55,382,315,67,96,86,10,83,83,0,128,128,0,23,23,0,169,169,0,72,53,23316,72,0,618,518,100,161,161,0,29,29,0,38,38,0,32,32,0,883,856,27,146,139,7,211,211,0,73,73,0,2572,2059,513,619,462,157,606,430,176,0,0,0,295,134,161,31,31,0,106,63,43,69,53,16,276,188,88,184,102,82,201,184,17,72,62,10,251,209,42,18,18,0,93,68,25,0,0,0,0,0,0,68,68,0
Seattle City (Northeast) PUMA; Washington,108265,84458,4101,3601,500,715,608,107,0,0,0,267,253,14,392,350,42,748,700,48,62,62,0,77,67,10,542,487,55,99,92,7,208,208,0,273,227,46,21,21,0,207,138,69,131,53,23317,131,0,867,852,15,265,258,7,429,397,32,180,162,18,299,288,11,431,404,27,224,224,0,473,462,11,165,146,19,6800,4329,2471,1018,563,455,1236,932,304,0,0,0,1145,855,290,32,32,0,177,97,80,200,179,21,313,284,29,413,270,143,233,200,33,41,41,0,328,311,17,136,136,0,441,326,115,0,0,0,32,5,27,86,67,19
Seattle City (North) PUMA; Washington,106786,81211,5877,3792,2085,810,753,57,0,0,0,235,210,25,567,352,215,605,551,54,63,63,0,67,49,18,861,683,178,152,50,102,62,59,3,86,38,48,0,0,0,567,394,173,22,53,23318,22,0,471,392,79,186,186,0,106,73,33,83,71,12,389,298,91,397,373,24,108,94,14,195,166,29,143,122,21,4820,3309,1511,940,749,191,884,578,306,0,0,0,768,432,336,131,37,94,353,169,184,290,192,98,1250,1092,158,438,336,102,327,283,44,48,48,0,2752,1448,1304,389,343,46,48,48,0,19,19,0,5,5,0,61,61,0
Tacoma City (North) PUMA; Washington,112811,98558,5163,3325,1838,362,345,17,0,0,0,78,68,10,159,159,0,377,337,40,33,33,0,29,20,9,1003,494,509,4,0,4,25,3,22,732,389,343,0,0,0,368,175,193,13,53,25301,13,0,26,26,0,16,16,0,129,74,55,0,0,0,0,0,0,94,34,60,0,0,0,2,2,0,52,45,7,629,395,234,373,295,78,828,334,494,10,10,0,1020,427,593,175,125,50,413,173,240,183,137,46,832,586,246,407,211,196,214,151,63,53,28,25,57,57,0,79,0,79,194,88,106,0,0,0,92,92,0,29,25,4
Kitsap County (North)--Bainbridge Island City & Silverdale PUMA; Washington,127122,116389,4038,2704,1334,421,361,60,10,10,0,107,84,23,72,72,0,236,231,5,40,40,0,32,32,0,200,151,49,13,13,0,0,0,0,124,54,70,121,106,15,34,34,0,25,53,23501,25,0,45,45,0,0,0,0,63,63,0,8,8,0,61,49,12,461,443,18,2,2,0,0,0,0,24,24,0,410,207,203,567,480,87,413,156,257,11,11,0,198,123,75,0,0,0,40,34,6,73,73,0,1974,1452,522,401,240,161,199,138,61,125,115,10,0,0,0,0,0,0,22,2,20,5,5,0,92,92,0,66,44,22
Kitsap County (South)--Bremerton & Port Orchard Cities PUMA; Washington,136291,122257,5862,3815,2047,443,386,57,12,12,0,176,146,30,52,52,0,201,163,38,44,39,5,53,44,9,140,131,9,0,0,0,20,20,0,80,71,9,0,0,0,55,55,0,10,53,23502,10,0,17,17,0,16,8,8,0,0,0,15,15,0,39,16,23,78,64,14,12,12,0,43,43,0,0,0,0,434,165,269,748,604,144,286,93,193,0,0,0,659,444,215,100,46,54,12,0,12,28,28,0,2773,1650,1123,942,701,241,99,44,55,17,17,0,43,30,13,4,4,0,157,138,19,0,0,0,42,3,39,322,234,88
"Lewis, Klickitat & Skamania Counties PUMA; Washington",114667,104210,8248,5256,2992,124,124,0,10,4,6,29,5,24,40,40,0,392,336,56,78,48,30,45,41,4,81,75,6,47,47,0,2,2,0,68,53,15,0,0,0,93,27,66,0,53,24100,0,0,2,2,0,0,0,0,79,28,51,0,0,0,0,0,0,63,63,0,0,0,0,0,0,0,0,0,0,109,40,69,76,52,24,181,146,35,0,0,0,180,87,93,0,0,0,0,0,0,2,0,2,277,258,19,50,35,15,18,18,0,0,0,0,11,4,7,0,0,0,28,28,0,1,1,0,27,22,5,96,96,0
Tacoma City (South) PUMA; Washington,95533,71639,9205,5662,3543,481,176,305,0,0,0,63,63,0,16,0,16,119,99,20,0,0,0,0,0,0,603,469,134,36,13,23,0,0,0,678,219,459,0,0,0,273,34,239,0,53,25302,0,0,281,245,36,0,0,0,0,0,0,47,0,47,55,55,0,210,102,108,0,0,0,0,0,0,0,0,0,305,49,256,411,320,91,1242,356,886,0,0,0,2721,674,2047,3170,1339,1831,579,283,296,125,42,83,1554,1082,472,658,367,291,97,50,47,0,0,0,117,117,0,30,16,14,734,544,190,0,0,0,20,0,20,64,64,0
"Pierce County (North Central)--Bonney Lake, Edgewood, Fife & Sumner Cities PUMA; Washington",96162,80262,5006,3422,1584,469,281,188,0,0,0,50,45,5,115,115,0,569,555,14,42,28,14,4,4,0,1322,868,454,41,17,24,0,0,0,2177,1290,887,59,59,0,123,72,51,0,53,25303,0,0,176,165,11,0,0,0,176,110,66,0,0,0,26,9,17,125,115,10,14,0,14,0,0,0,56,42,14,528,273,255,200,170,30,1457,757,700,8,8,0,286,112,174,318,201,117,66,16,50,35,35,0,1015,700,315,506,340,166,99,44,55,0,0,0,204,109,95,41,41,0,536,424,112,0,0,0,16,16,0,35,15,20
"Pierce County (Southeast)--Graham, Elk Plain & Prairie Ridge PUMA; Washington",125460,113327,5478,4159,1319,277,51,226,0,0,0,70,70,0,81,81,0,244,177,67,26,26,0,137,137,0,471,312,159,82,24,58,10,10,0,196,66,130,39,39,0,19,4,15,0,53,25304,0,0,56,43,13,0,0,0,92,0,92,0,0,0,91,33,58,226,120,106,0,0,0,0,0,0,0,0,0,410,130,280,260,189,71,637,311,326,0,0,0,53,10,43,221,99,122,681,455,226,0,0,0,994,796,198,811,515,296,71,71,0,1,0,1,25,9,16,44,44,0,286,286,0,0,0,0,12,12,0,32,32,0
Pierce County (East Central)--Puyallup City & South Hill PUMA; Washington,132902,113274,7479,4524,2955,358,256,102,612,233,379,90,71,19,35,16,19,459,413,46,35,25,10,0,0,0,784,333,451,211,211,0,0,0,0,637,99,538,12,12,0,68,68,0,32,53,25305,18,14,46,46,0,21,21,0,837,539,298,0,0,0,98,17,81,410,237,173,82,6,76,0,0,0,98,98,0,673,371,302,318,153,165,1077,414,663,24,0,24,486,245,241,413,167,246,165,126,39,600,560,40,1237,936,301,664,590,74,495,279,216,61,61,0,0,0,0,352,235,117,565,407,158,0,0,0,35,35,0,59,27,32
Pierce County (South Central)--Parkland & Spanaway PUMA; Washington,99958,76924,9637,6668,2969,254,203,51,34,0,34,65,65,0,7,7,0,338,289,49,0,0,0,0,0,0,1381,1008,373,98,98,0,7,7,0,1361,494,867,0,0,0,97,81,16,0,53,25306,0,0,87,60,27,0,0,0,263,155,108,0,0,0,0,0,0,353,258,95,0,0,0,69,69,0,0,0,0,187,94,93,339,289,50,1652,802,850,42,22,20,221,63,158,949,403,546,77,44,33,9,9,0,1903,1304,599,2463,1726,737,24,0,24,0,0,0,0,0,0,101,101,0,869,419,450,0,0,0,14,14,0,133,95,38
Pierce County (West Central)--Lakewood & University Place Cities PUMA; Washington,104209,82376,9810,6321,3489,253,253,0,0,0,0,57,42,15,109,97,12,842,780,62,53,53,0,0,0,0,432,114,318,29,0,29,0,0,0,66,66,0,0,0,0,158,117,41,33,53,25307,22,11,77,62,15,15,0,15,88,48,40,0,0,0,0,0,0,388,340,48,29,29,0,13,13,0,17,0,17,195,129,66,389,212,177,2612,1236,1376,16,16,0,916,402,514,305,155,150,125,87,38,56,53,3,1833,1394,439,947,674,273,398,220,178,0,0,0,50,32,18,382,382,0,841,559,282,0,0,0,31,31,0,268,107,161
Pierce County (Northwest)--Peninsula Region & JBLM PUMA; Washington,107027,95455,5226,4102,1124,627,432,195,50,39,11,47,37,10,62,47,15,595,443,152,0,0,0,47,47,0,386,266,120,193,193,0,82,35,47,106,34,72,0,0,0,47,47,0,40,53,25308,40,0,78,78,0,5,5,0,0,0,0,0,0,0,90,0,90,130,130,0,0,0,0,0,0,0,0,0,0,505,289,216,229,145,84,624,354,270,16,16,0,177,118,59,17,9,8,175,79,96,159,159,0,651,347,304,724,457,267,0,0,0,14,14,0,42,40,2,88,56,32,251,178,73,0,0,0,29,29,0,60,60,0
Skagit County PUMA; Washington,124349,104402,16025,9978,6047,335,265,70,0,0,0,6,6,0,83,63,20,394,372,22,20,20,0,22,12,10,487,188,299,43,43,0,26,24,2,254,40,214,0,0,0,40,37,3,0,53,25701,0,0,62,62,0,13,13,0,264,92,172,0,0,0,0,0,0,90,77,13,0,0,0,2,2,0,0,0,0,259,86,173,99,67,32,100,29,71,14,14,0,100,56,44,15,0,15,100,59,41,27,27,0,508,394,114,156,66,90,74,52,22,7,7,0,2,2,0,16,16,0,41,41,0,0,0,0,80,70,10,183,45,138
Snohomish County (North)--Marysville & Arlington Cities PUMA; Washington,150291,129315,10130,6222,3908,358,346,12,0,0,0,20,20,0,49,49,0,267,267,0,16,16,0,34,34,0,999,558,441,82,57,25,17,17,0,1207,576,631,169,139,30,87,48,39,0,53,26101,0,0,103,82,21,0,0,0,325,166,159,0,0,0,21,21,0,385,282,103,0,0,0,40,29,11,12,12,0,799,412,387,239,177,62,376,187,189,173,126,47,990,593,397,168,57,111,167,64,103,143,143,0,1727,1054,673,412,298,114,295,268,27,17,17,0,378,174,204,606,515,91,37,37,0,4,4,0,103,103,0,21,12,9
Snohomish County (Central & Southeast)--Lake Stevens & Monroe Cities PUMA; Washington,140465,120458,9146,5649,3497,243,179,64,0,0,0,7,0,7,84,74,10,384,336,48,93,71,22,7,7,0,560,249,311,136,136,0,66,66,0,662,337,325,0,0,0,107,82,25,60,53,26102,60,0,583,521,62,136,89,47,316,146,170,37,17,20,171,108,63,362,259,103,1220,918,302,265,218,47,290,290,0,582,321,261,444,312,132,856,439,417,134,49,85,717,404,313,97,26,71,226,151,75,24,10,14,955,658,297,272,257,15,385,324,61,0,0,0,29,11,18,112,93,19,128,77,51,0,0,0,1,1,0,110,52,58
"Snohomish County (South Central)--Bothell (North), Mill Creek Cities & Silver Firs PUMA; Washington",135752,93630,6085,4012,2073,320,262,58,0,0,0,20,20,0,614,466,148,206,169,37,49,49,0,66,51,15,2228,1490,738,207,139,68,462,347,115,686,348,338,50,13,37,826,510,316,483,53,26103,403,80,3150,2607,543,1109,857,252,1193,890,303,421,372,49,886,694,192,824,629,195,3645,2748,897,2258,1827,431,1780,1651,129,4914,2966,1948,654,397,257,2255,1253,1002,113,60,53,1618,758,860,420,200,220,279,64,215,176,117,59,1055,739,316,455,311,144,1357,827,530,46,46,0,381,357,24,185,114,71,133,106,27,0,0,0,61,61,0,452,350,102
"Snohomish County (Southwest)--Edmonds, Lynnwood & Mountlake Terrace Cities PUMA; Washington",118864,88561,8869,5883,2986,338,264,74,0,0,0,26,26,0,78,66,12,362,354,8,83,83,0,22,22,0,888,472,416,191,73,118,342,143,199,495,284,211,264,174,90,531,299,232,19,53,26104,19,0,312,271,41,477,430,47,187,92,95,155,75,80,305,187,118,512,425,87,52,52,0,84,43,41,0,0,0,3042,1333,1709,572,384,188,2082,851,1231,19,19,0,2234,1263,971,261,69,192,278,186,92,671,481,190,1478,994,484,856,698,158,910,564,346,11,6,5,2633,1417,1216,242,169,73,396,340,56,0,0,0,0,0,0,26,16,10
Snohomish County (West Central)--Mukilteo & Martha Lake PUMA; Washington,100971,67288,7362,3736,3626,731,617,114,0,0,0,56,56,0,520,161,359,145,136,9,126,126,0,74,49,25,812,481,331,16,16,0,182,91,91,1794,1021,773,14,14,0,539,335,204,208,53,26105,129,79,968,790,178,365,255,110,499,296,203,142,121,21,270,148,122,398,380,18,476,403,73,180,180,0,104,68,36,2045,1137,908,430,208,222,3816,1305,2511,27,0,27,2997,1018,1979,600,359,241,700,239,461,331,72,259,1710,1093,617,1327,872,455,1649,1281,368,14,0,14,1356,919,437,284,234,50,268,255,13,0,0,0,22,22,0,126,107,19
Snohomish County (Central)--Everett City & Eastmont PUMA; Washington,147530,101063,17770,9432,8338,410,259,151,0,0,0,59,59,0,484,236,248,177,177,0,32,32,0,58,58,0,3622,2041,1581,153,90,63,0,0,0,2408,1235,1173,0,0,0,503,271,232,0,53,26106,0,0,386,258,128,459,333,126,341,99,242,62,51,11,417,318,99,359,256,103,264,170,94,144,144,0,29,23,6,1287,868,419,519,406,113,1674,368,1306,33,22,11,4402,1607,2795,1129,318,811,264,140,124,271,178,93,2347,1346,1001,1269,782,487,1759,1169,590,63,49,14,1315,776,539,1000,828,172,906,732,174,6,0,6,44,44,0,42,42,0
Spokane County (Outer)--Cheney City PUMA; Washington,113670,105276,2879,2018,861,334,232,102,0,0,0,44,28,16,35,25,10,369,321,48,8,8,0,66,65,1,1187,754,433,17,17,0,43,39,4,333,175,158,0,0,0,18,10,8,0,53,26301,0,0,7,7,0,0,0,0,27,19,8,155,155,0,0,0,0,195,188,7,0,0,0,0,0,0,0,0,0,238,144,94,231,191,40,61,20,41,0,0,0,62,36,26,13,13,0,62,56,6,6,6,0,487,401,86,670,423,247,600,486,114,0,0,0,0,0,0,157,154,3,7,7,0,2,2,0,52,52,0,29,29,0
Spokane County (East Central)--Greater Spokane Valley City PUMA; Washington,141450,131076,2972,2139,833,176,160,16,0,0,0,133,100,33,158,70,88,603,445,158,61,53,8,2,2,0,2247,1362,885,0,0,0,19,12,7,313,74,239,0,0,0,0,0,0,0,53,26302,0,0,0,0,0,0,0,0,106,59,47,0,0,0,0,0,0,262,133,129,0,0,0,0,0,0,0,0,0,529,276,253,392,338,54,86,60,26,54,38,16,722,340,382,0,0,0,31,31,0,0,0,0,181,168,13,714,365,349,255,86,169,0,0,0,18,0,18,9,3,6,60,32,28,0,0,0,95,68,27,176,119,57
Spokane County (South Central)--Spokane City (South) PUMA; Washington,131254,119996,3806,2629,1177,480,349,131,8,8,0,56,56,0,76,66,10,298,282,16,13,13,0,29,29,0,1231,704,527,16,0,16,102,96,6,181,48,133,53,53,0,225,216,9,52,53,26303,52,0,10,10,0,51,51,0,2,0,2,0,0,0,66,34,32,605,267,338,0,0,0,0,0,0,17,17,0,372,96,276,184,111,73,82,71,11,83,18,65,344,149,195,101,35,66,71,10,61,374,214,160,140,115,25,567,305,262,843,252,591,37,19,18,61,60,1,21,0,21,409,255,154,22,0,22,113,113,0,57,57,0
Spokane County (North Central)--Spokane City (North) PUMA; Washington,132348,122084,3712,2696,1016,123,105,18,0,0,0,74,36,38,147,136,11,311,287,24,46,46,0,31,31,0,1287,740,547,9,9,0,136,75,61,402,196,206,0,0,0,299,148,151,36,53,26304,36,0,39,14,25,47,47,0,50,26,24,0,0,0,48,0,48,310,161,149,0,0,0,0,0,0,15,15,0,437,297,140,74,34,40,84,31,53,16,0,16,422,188,234,0,0,0,50,14,36,310,131,179,396,248,148,525,223,302,515,402,113,2,0,2,75,35,40,100,96,4,85,52,33,0,0,0,38,38,0,13,13,0
"Stevens, Okanogan, Pend Oreille & Ferry Counties PUMA; Washington",107389,97746,7704,3784,3920,140,132,8,0,0,0,41,41,0,25,25,0,183,181,2,19,19,0,3,3,0,130,84,46,10,0,10,0,0,0,54,38,16,0,0,0,0,0,0,0,53,26500,0,0,17,17,0,0,0,0,34,21,13,0,0,0,4,4,0,73,66,7,9,9,0,0,0,0,0,0,0,32,7,25,111,41,70,54,12,42,0,0,0,7,7,0,0,0,0,29,12,17,37,9,28,104,32,72,125,119,6,2,0,2,0,0,0,21,16,5,0,0,0,10,10,0,12,11,1,527,504,23,126,126,0
Thurston County (Outer) PUMA; Washington,113272,102524,5581,3850,1731,101,93,8,0,0,0,23,23,0,19,19,0,827,763,64,64,64,0,1,1,0,109,96,13,138,121,17,13,7,6,43,43,0,0,0,0,159,159,0,0,53,26701,0,0,72,72,0,33,33,0,54,54,0,0,0,0,43,0,43,157,157,0,101,83,18,9,9,0,5,5,0,254,81,173,255,206,49,287,113,174,0,0,0,804,185,619,201,63,138,35,10,25,29,29,0,459,334,125,623,425,198,0,0,0,0,0,0,7,7,0,0,0,0,9,9,0,1,1,0,85,85,0,147,147,0
"Thurston County (Central)--Olympia, Lacey, & Tumwater Cities PUMA; Washington",169968,147335,7172,5099,2073,540,442,98,196,116,80,88,60,28,212,17,195,2132,1942,190,67,67,0,76,76,0,380,258,122,36,12,24,49,45,4,0,0,0,0,0,0,66,47,19,17,53,26702,17,0,72,59,13,49,0,49,84,66,18,0,0,0,127,91,36,205,179,26,125,111,14,57,57,0,49,49,0,859,481,378,708,537,171,1863,615,1248,0,0,0,2284,833,1451,546,161,385,327,143,184,462,89,373,1919,1362,557,905,701,204,448,325,123,14,4,10,60,60,0,251,170,81,83,58,25,50,50,0,40,28,12,15,15,0
"Whatcom County (Outer)--Lynden, Ferndale & Blaine Cities PUMA; Washington",108337,94411,7409,4625,2784,302,262,40,0,0,0,218,144,74,16,6,10,232,211,21,202,110,92,0,0,0,687,349,338,60,60,0,91,76,15,371,222,149,0,0,0,198,138,60,32,53,27301,21,11,235,205,30,70,59,11,1167,746,421,21,21,0,200,200,0,196,169,27,0,0,0,1,1,0,0,0,0,438,221,217,160,96,64,99,75,24,0,0,0,193,136,57,36,16,20,16,7,9,87,86,1,269,231,38,42,31,11,225,225,0,18,18,0,88,85,3,0,0,0,5,5,0,6,6,0,361,328,33,175,147,28
Whatcom County (South)--Greater Bellingham City PUMA; Washington,111641,98097,6086,4289,1797,422,247,175,0,0,0,172,124,48,61,45,16,571,564,7,97,97,0,45,45,0,689,333,356,17,17,0,22,22,0,181,68,113,0,0,0,102,92,10,0,53,27302,0,0,49,39,10,59,59,0,421,240,181,83,83,0,139,139,0,164,114,50,11,11,0,134,134,0,0,0,0,1592,1220,372,236,50,186,244,128,116,0,0,0,505,176,329,46,31,15,213,118,95,58,37,21,587,484,103,90,78,12,226,134,92,74,54,20,22,22,0,60,60,0,35,35,0,0,0,0,17,17,0,14,14,0
"Whitman, Asotin, Adams, Lincoln, Columbia & Garfield Counties PUMA; Washington",102283,85757,11908,6941,4967,412,346,66,5,5,0,68,42,26,90,80,10,487,443,44,0,0,0,30,30,0,68,54,14,33,33,0,40,40,0,80,80,0,0,0,0,75,75,0,0,53,27500,0,0,150,132,18,26,26,0,13,13,0,69,48,21,0,0,0,82,82,0,0,0,0,35,35,0,60,53,7,1046,594,452,96,88,8,328,161,167,0,0,0,239,98,141,2,2,0,77,50,27,83,73,10,364,254,110,69,60,9,68,41,27,62,35,27,3,3,0,0,0,0,95,95,0,0,0,0,56,45,11,207,39,168
Yakima County (Outer)--Sunnyside & Grandview Cities PUMA; Washington,116622,59992,54354,31752,22602,92,92,0,0,0,0,0,0,0,0,0,0,46,46,0,97,78,19,1,1,0,0,0,0,0,0,0,0,0,0,0,0,0,0,0,0,0,0,0,0,53,27701,0,0,22,22,0,0,0,0,40,22,18,0,0,0,17,17,0,67,18,49,0,0,0,0,0,0,0,0,0,158,39,119,25,25,0,36,36,0,0,0,0,126,72,54,0,0,0,6,2,4,1,0,1,172,115,57,156,136,20,549,408,141,0,0,0,0,0,0,41,41,0,0,0,0,0,0,0,621,570,51,3,3,0
Yakima County (Central)--Greater Yakima City PUMA; Washington,122192,77752,41854,26713,15141,83,57,26,0,0,0,78,78,0,16,16,0,236,209,27,14,14,0,0,0,0,196,138,58,81,81,0,0,0,0,32,32,0,0,0,0,55,55,0,17,53,27702,17,0,0,0,0,0,0,0,275,26,249,0,0,0,0,0,0,42,28,14,0,0,0,0,0,0,0,0,0,50,8,42,44,44,0,88,55,33,0,0,0,141,73,68,0,0,0,0,0,0,94,67,27,238,194,44,613,384,229,0,0,0,39,39,0,34,0,34,55,55,0,5,5,0,0,0,0,33,33,0,27,16,11
