NAME,C16001_001E,C16001_002E,C16001_003E,C16001_004E,C16001_005E,C16001_006E,C16001_007E,C16001_008E,C16001_009E,C16001_010E,C16001_011E,C16001_012E,C16001_013E,C16001_014E,C16001_015E,C16001_016E,C16001_017E,C16001_018E,C16001_019E,C16001_020E,C16001_021E,C16001_022E,C16001_023E,C16001_024E,C16001_025E,C16001_026E,C16001_027E,C16001_028E,C16001_029E,C16001_030E,C16001_031E,C16001_032E,C16001_033E,C16001_034E,C16001_035E,C16001_036E,C16001_037E,C16001_038E,state,school district (unified)
"Enumclaw School District, Washington",26880,24276,1098,644,454,8,0,8,111,111,0,73,52,21,481,364,117,72,28,44,43,17,26,25,20,5,225,225,0,271,204,67,0,0,0,197,197,0,53,00001
"Inchelium School District, Washington",1140,1070,0,0,0,0,0,0,3,1,2,0,0,0,0,0,0,0,0,0,0,0,0,0,0,0,0,0,0,10,9,1,2,0,2,55,55,0,53,00002
"Kelso School District, Washington",29451,27745,1187,583,604,26,17,9,61,46,15,6,6,0,11,11,0,7,0,7,18,18,0,3,0,3,121,55,66,266,61,205,0,0,0,0,0,0,53,00003
"Aberdeen School District, Washington",19930,16895,2531,1312,1219,28,28,0,132,68,64,0,0,0,35,22,13,4,4,0,0,0,0,0,0,0,33,1,32,108,65,43,101,43,58,63,34,29,53,00030
"Adna School District, Washington",4460,4401,0,0,0,24,24,0,0,0,0,13,13,0,0,0,0,0,0,0,0,0,0,22,22,0,0,0,0,0,0,0,0,0,0,0,0,0,53,00060
"Almira School District, Washington",531,498,28,21,7,0,0,0,5,4,1,0,0,0,0,0,0,0,0,0,0,0,0,0,0,0,0,0,0,0,0,0,0,0,0,0,0,0,53,00090
"Anacortes School District, Washington",22531,21424,452,323,129,82,75,7,185,163,22,83,55,28,54,49,5,28,27,1,51,25,26,13,10,3,58,32,26,84,40,44,1,1,0,16,13,3,53,00150
"Arlington School District, Washington",32105,29189,1383,774,609,99,99,0,76,76,0,122,70,52,98,78,20,57,18,39,143,135,8,220,146,74,398,355,43,262,235,27,0,0,0,58,47,11,53,00240
"Asotin-Anatone School District, Washington",2753,2725,8,8,0,0,0,0,20,20,0,0,0,0,0,0,0,0,0,0,0,0,0,0,0,0,0,0,0,0,0,0,0,0,0,0,0,0,53,00280
"Auburn School District, Washington",94563,61682,13905,7521,6384,289,289,0,161,125,36,5394,2247,3147,2544,1433,1111,1002,442,560,543,229,314,1475,569,906,1490,964,526,2937,1848,1089,1020,784,236,2121,1600,521,53,00300
"Bainbridge Island School District, Washington",23506,22007,456,430,26,192,192,0,114,114,0,35,16,19,374,336,38,35,35,0,29,14,15,13,0,13,70,70,0,131,111,20,0,0,0,50,50,0,53,00330
"Battle Ground School District, Washington",80230,69604,3016,1934,1082,123,123,0,327,273,54,4061,2199,1862,1081,759,322,156,55,101,410,247,163,407,216,191,46,46,0,685,481,204,199,179,20,115,53,62,53,00380
"Bellevue School District, Washington",142195,72129,7020,4187,2833,1577,1359,218,641,551,90,4574,2861,1713,13023,11036,1987,3211,1493,1718,22529,13978,8551,2076,780,1296,711,527,184,12326,8379,3947,768,506,262,1610,1240,370,53,00390
"Bellingham School District, Washington",109198,96988,5877,4159,1718,412,237,175,647,640,7,455,263,192,1017,758,259,230,136,94,1538,1166,372,472,155,317,479,386,93,712,383,329,139,124,15,232,212,20,53,00420
"Benge School District, Washington",43,41,2,2,0,0,0,0,0,0,0,0,0,0,0,0,0,0,0,0,0,0,0,0,0,0,0,0,0,0,0,0,0,0,0,0,0,0,53,00450
"Bethel School District, Washington",117897,97168,9026,6868,2158,805,380,425,304,251,53,2392,1352,1040,1252,776,476,1592,948,644,248,115,133,106,10,96,1623,1213,410,2602,1776,826,241,140,101,538,371,167,53,00480
"Bickleton School District, Washington",490,466,23,18,5,0,0,0,1,0,1,0,0,0,0,0,0,0,0,0,0,0,0,0,0,0,0,0,0,0,0,0,0,0,0,0,0,0,53,00510
"Blaine School District, Washington",18113,16205,730,543,187,204,191,13,57,46,11,207,177,30,382,299,83,12,7,5,162,103,59,1,0,1,38,35,3,64,34,30,0,0,0,51,48,3,53,00570
"Boistfort School District, Washington",1196,1141,12,12,0,14,8,6,17,17,0,2,2,0,0,0,0,1,0,1,0,0,0,0,0,0,7,0,7,2,2,0,0,0,0,0,0,0,53,00630
"Bremerton School District, Washington",48026,42075,2623,1630,993,84,56,28,85,55,30,83,65,18,217,180,37,69,24,45,131,47,84,92,92,0,1465,679,786,707,598,109,10,0,10,385,291,94,53,00660
"Brewster School District, Washington",3915,1610,2219,1019,1200,0,0,0,0,0,0,0,0,0,0,0,0,0,0,0,0,0,0,0,0,0,0,0,0,0,0,0,0,0,0,86,86,0,53,00690
"Bridgeport School District, Washington",3073,615,2446,807,1639,12,12,0,0,0,0,0,0,0,0,0,0,0,0,0,0,0,0,0,0,0,0,0,0,0,0,0,0,0,0,0,0,0,53,00720
"Brinnon School District, Washington",1189,1138,7,7,0,7,7,0,3,0,3,0,0,0,3,3,0,24,0,24,0,0,0,0,0,0,3,0,3,4,4,0,0,0,0,0,0,0,53,00750
"Burlington-Edison School District, Washington",23759,19998,3227,2054,1173,107,61,46,15,15,0,44,20,24,52,34,18,43,0,43,0,0,0,3,0,3,149,118,31,54,43,11,12,12,0,55,15,40,53,00780
"Camas School District, Washington",34511,30032,750,626,124,68,68,0,132,94,38,617,405,212,330,229,101,213,106,107,1155,807,348,106,102,4,75,75,0,651,454,197,204,195,9,178,178,0,53,00810
"Cape Flattery School District, Washington",2813,2556,106,40,66,0,0,0,0,0,0,8,8,0,0,0,0,0,0,0,0,0,0,0,0,0,0,0,0,18,10,8,0,0,0,125,99,26,53,00840
"Carbonado School District, Washington",865,854,11,8,3,0,0,0,0,0,0,0,0,0,0,0,0,0,0,0,0,0,0,0,0,0,0,0,0,0,0,0,0,0,0,0,0,0,53,00870
"Cascade School District, Washington",10800,9629,947,389,558,3,0,3,28,17,11,30,30,0,17,17,0,0,0,0,11,11,0,92,0,92,15,0,15,21,13,8,7,7,0,0,0,0,53,00950
"Cashmere School District, Washington",7109,5553,1388,771,617,87,87,0,43,43,0,28,28,0,0,0,0,0,0,0,0,0,0,10,0,10,0,0,0,0,0,0,0,0,0,0,0,0,53,00960
"Castle Rock School District, Washington",9494,9277,96,80,16,24,24,0,0,0,0,0,0,0,39,12,27,23,0,23,10,4,6,0,0,0,8,2,6,17,17,0,0,0,0,0,0,0,53,00990
"Centerville School District, Washington",586,575,4,4,0,0,0,0,3,3,0,4,4,0,0,0,0,0,0,0,0,0,0,0,0,0,0,0,0,0,0,0,0,0,0,0,0,0,53,01050
"Central Kitsap School District, Washington",72462,64476,2725,1824,901,170,150,20,111,111,0,139,132,7,119,107,12,345,91,254,404,172,232,581,409,172,2067,1419,648,1024,786,238,108,91,17,193,134,59,53,01080
"Central Valley School District, Washington",92177,85451,1981,1332,649,121,113,8,418,348,70,919,528,391,458,258,200,34,8,26,508,275,233,586,253,333,155,155,0,980,612,368,232,71,161,334,198,136,53,01110
"Centralia School District, Washington",24209,21007,2679,1662,1017,38,38,0,113,90,23,16,10,6,0,0,0,0,0,0,28,3,25,87,32,55,205,193,12,21,21,0,0,0,0,15,15,0,53,01140
"Chehalis School District, Washington",14639,13070,1071,586,485,12,12,0,108,75,33,9,0,9,172,31,141,143,115,28,28,0,28,18,0,18,0,0,0,7,7,0,0,0,0,1,1,0,53,01170
"Lake Chelan School District, Washington",8044,5591,2262,1092,1170,23,23,0,56,56,0,0,0,0,0,0,0,18,18,0,0,0,0,10,0,10,48,26,22,36,0,36,0,0,0,0,0,0,53,01200
"Cheney School District, Washington",40024,34864,1601,1313,288,54,43,11,127,112,15,1012,532,480,237,205,32,53,12,41,94,65,29,56,30,26,398,353,45,733,575,158,554,440,114,241,217,24,53,01230
"Chewelah School District, Washington",5728,5615,79,79,0,0,0,0,0,0,0,0,0,0,3,0,3,0,0,0,0,0,0,0,0,0,0,0,0,0,0,0,0,0,0,31,31,0,53,01260
"Chimacum School District, Washington",12158,11412,358,274,84,49,49,0,82,82,0,35,35,0,95,95,0,20,9,11,0,0,0,0,0,0,25,25,0,65,44,21,0,0,0,17,17,0,53,01290
"Clarkston School District, Washington",18462,17721,346,240,106,0,0,0,87,87,0,0,0,0,0,0,0,0,0,0,5,5,0,17,0,17,171,103,68,41,32,9,0,0,0,74,74,0,53,01320
"Cle Elum-Roslyn School District, Washington",9373,8903,385,258,127,26,20,6,8,8,0,7,7,0,22,22,0,0,0,0,0,0,0,0,0,0,0,0,0,17,13,4,0,0,0,5,5,0,53,01350
"Queets-Clearwater School District, Washington",441,366,47,44,3,0,0,0,0,0,0,0,0,0,4,4,0,0,0,0,0,0,0,0,0,0,0,0,0,7,7,0,10,10,0,7,7,0,53,01380
"Clover Park School District, Washington",82831,62182,11510,6925,4585,545,412,133,684,607,77,361,202,159,431,377,54,1333,456,877,191,82,109,380,165,215,1326,936,390,2135,1405,730,184,160,24,1569,1125,444,53,01410
"Colfax School District, Washington",3876,3761,58,22,36,0,0,0,9,9,0,20,20,0,0,0,0,0,0,0,0,0,0,0,0,0,14,0,14,14,5,9,0,0,0,0,0,0,53,01440
"College Place School District, Washington",13640,11563,1630,961,669,104,74,30,19,19,0,25,25,0,38,24,14,32,4,28,76,36,40,4,4,0,20,20,0,106,50,56,4,4,0,19,19,0,53,01470
"Colton School District, Washington",1052,1008,6,4,2,0,0,0,3,3,0,0,0,0,8,8,0,0,0,0,0,0,0,0,0,0,11,5,6,6,6,0,0,0,0,10,10,0,53,01500
"Columbia (Stevens) School District, Washington",1180,1137,9,0,9,0,0,0,0,0,0,0,0,0,0,0,0,0,0,0,20,0,20,0,0,0,0,0,0,0,0,0,0,0,0,14,14,0,53,01560
"Columbia (Walla Walla) School District, Washington",3812,2900,901,321,580,0,0,0,0,0,0,0,0,0,0,0,0,0,0,0,0,0,0,0,0,0,0,0,0,11,11,0,0,0,0,0,0,0,53,01590
"Colville School District, Washington",12245,12024,149,100,49,0,0,0,35,35,0,16,0,16,21,21,0,0,0,0,0,0,0,0,0,0,0,0,0,0,0,0,0,0,0,0,0,0,53,01630
"Concrete School District, Washington",5432,5060,262,7,255,38,38,0,0,0,0,40,0,40,3,0,3,7,0,7,0,0,0,0,0,0,6,6,0,16,9,7,0,0,0,0,0,0,53,01660
"Conway School District, Washington",3382,3219,92,66,26,0,0,0,0,0,0,0,0,0,0,0,0,0,0,0,8,0,8,0,0,0,0,0,0,42,20,22,21,21,0,0,0,0,53,01680
"Cosmopolis School District, Washington",2414,2283,47,27,20,0,0,0,21,0,21,0,0,0,0,0,0,37,0,37,15,0,15,0,0,0,11,0,11,0,0,0,0,0,0,0,0,0,53,01710
"Coupeville School District, Washington",11221,10528,303,235,68,44,33,11,82,48,34,17,17,0,62,57,5,10,0,10,73,62,11,15,0,15,39,39,0,31,31,0,17,0,17,0,0,0,53,01800
"Crescent School District, Washington",2866,2720,92,77,15,0,0,0,12,12,0,0,0,0,31,31,0,0,0,0,0,0,0,0,0,0,0,0,0,3,0,3,0,0,0,8,8,0,53,01830
"Creston School District, Washington",1484,1428,36,36,0,0,0,0,5,5,0,0,0,0,0,0,0,0,0,0,0,0,0,0,0,0,0,0,0,0,0,0,0,0,0,15,15,0,53,01860
"Curlew School District, Washington",1497,1447,20,10,10,0,0,0,3,3,0,0,0,0,0,0,0,0,0,0,0,0,0,7,7,0,0,0,0,20,8,12,0,0,0,0,0,0,53,01890
"Cusick School District, Washington",1933,1852,20,19,1,0,0,0,14,14,0,0,0,0,0,0,0,0,0,0,7,7,0,0,0,0,0,0,0,0,0,0,0,0,0,40,40,0,53,01920
"Damman School District, Washington",764,687,77,56,21,0,0,0,0,0,0,0,0,0,0,0,0,0,0,0,0,0,0,0,0,0,0,0,0,0,0,0,0,0,0,0,0,0,53,01950
"Darrington School District, Washington",3214,3046,94,88,6,12,0,12,45,45,0,7,0,7,0,0,0,0,0,0,7,7,0,0,0,0,0,0,0,0,0,0,0,0,0,3,3,0,53,01980
"Davenport School District, Washington",2779,2708,31,31,0,11,11,0,0,0,0,0,0,0,0,0,0,0,0,0,0,0,0,0,0,0,29,29,0,0,0,0,0,0,0,0,0,0,53,02010
"Dayton School District, Washington",3587,3291,189,72,117,0,0,0,2,0,2,0,0,0,25,25,0,0,0,0,0,0,0,75,23,52,0,0,0,5,5,0,0,0,0,0,0,0,53,02040
"Deer Park School District, Washington",13117,12472,329,251,78,22,22,0,37,37,0,110,55,55,0,0,0,0,0,0,0,0,0,0,0,0,0,0,0,77,0,77,42,42,0,28,28,0,53,02070
"Dieringer School District, Washington",9704,8748,199,100,99,0,0,0,0,0,0,163,81,82,217,171,46,32,21,11,125,80,45,36,0,36,51,40,11,133,95,38,0,0,0,0,0,0,53,02130
"Dixie School District, Washington",419,386,31,23,8,0,0,0,0,0,0,0,0,0,1,1,0,0,0,0,0,0,0,0,0,0,0,0,0,0,0,0,0,0,0,1,1,0,53,02160
"East Valley School District (Spokane), Washington",28421,26673,613,371,242,42,42,0,213,140,73,632,359,273,104,19,85,42,42,0,15,10,5,1,0,1,23,13,10,41,41,0,0,0,0,22,22,0,53,02280
"Eastmont School District, Washington",33066,24879,7694,4043,3651,23,21,2,16,16,0,78,52,26,146,103,43,0,0,0,83,56,27,1,1,0,45,17,28,85,21,64,5,5,0,11,11,0,53,02310
"Easton School District, Washington",1360,1335,25,20,5,0,0,0,0,0,0,0,0,0,0,0,0,0,0,0,0,0,0,0,0,0,0,0,0,0,0,0,0,0,0,0,0,0,53,02340
"Eatonville School District, Washington",11117,10601,375,237,138,0,0,0,4,4,0,15,15,0,0,0,0,0,0,0,36,14,22,1,0,1,5,5,0,50,31,19,0,0,0,30,29,1,53,02370
"Edmonds School District, Washington",168808,121669,12109,7654,4455,798,656,142,549,495,54,3297,1863,1434,5947,4230,1717,3726,1441,2285,4097,1879,2218,3419,1640,1779,2626,1752,874,4978,3279,1699,1441,1018,423,4152,2468,1684,53,02400
"Ellensburg School District, Washington",28143,25595,1452,1078,374,52,52,0,175,155,20,20,20,0,261,217,44,16,14,2,74,65,9,138,67,71,48,37,11,162,149,13,25,25,0,125,125,0,53,02460
"Elma School District, Washington",8395,7336,962,538,424,0,0,0,7,7,0,16,16,0,0,0,0,0,0,0,28,28,0,0,0,0,0,0,0,10,10,0,0,0,0,36,6,30,53,02490
"Endicott School District, Washington",632,628,2,2,0,0,0,0,0,0,0,0,0,0,2,2,0,0,0,0,0,0,0,0,0,0,0,0,0,0,0,0,0,0,0,0,0,0,53,02520
"Entiat School District, Washington",2583,2303,229,119,110,0,0,0,0,0,0,0,0,0,36,36,0,0,0,0,4,0,4,0,0,0,5,0,5,6,6,0,0,0,0,0,0,0,53,02550
"Ephrata School District, Washington",11820,8776,3001,2346,655,6,6,0,0,0,0,7,0,7,2,2,0,0,0,0,0,0,0,0,0,0,0,0,0,17,17,0,0,0,0,11,4,7,53,02610
"Evaline School District, Washington",978,950,21,16,5,0,0,0,0,0,0,3,0,3,2,2,0,0,0,0,0,0,0,0,0,0,2,2,0,0,0,0,0,0,0,0,0,0,53,02640
"Everett School District, Washington",141151,100930,10880,6360,4520,317,255,62,244,244,0,4406,2150,2256,5074,3713,1361,1741,717,1024,2957,1895,1062,3486,1564,1922,1831,1010,821,5642,3578,2064,1860,950,910,1783,1285,498,53,02670
"Evergreen School District (Clark), Washington",150101,118842,12502,7920,4582,398,386,12,569,473,96,5868,3293,2575,2331,1554,777,781,367,414,1704,736,968,2099,852,1247,660,492,168,2910,1727,1183,488,339,149,949,736,213,53,02700
"Evergreen School District (Stevens), Washington",560,510,3,3,0,35,35,0,0,0,0,0,0,0,10,10,0,2,0,2,0,0,0,0,0,0,0,0,0,0,0,0,0,0,0,0,0,0,53,02730
"Federal Way School District, Washington",140377,81792,22318,10738,11580,1064,629,435,255,228,27,5511,2314,3197,4443,2655,1788,4043,1336,2707,2063,848,1215,3061,1246,1815,3987,2475,1512,4712,2772,1940,1133,727,406,5995,3608,2387,53,02820
"Ferndale School District, Washington",35000,29455,1932,1293,639,89,62,27,91,91,0,1222,624,598,1248,1002,246,43,21,22,157,62,95,20,4,16,190,145,45,106,65,41,93,93,0,354,341,13,53,02850
"Fife Public Schools, Washington",22527,16411,2049,1523,526,113,74,39,163,163,0,1612,1007,605,208,97,111,378,131,247,50,16,34,189,57,132,339,256,83,669,458,211,32,15,17,314,196,118,53,02880
"Finley School District, Washington",4886,3789,1097,651,446,0,0,0,0,0,0,0,0,0,0,0,0,0,0,0,0,0,0,0,0,0,0,0,0,0,0,0,0,0,0,0,0,0,53,02910
"Franklin Pierce School District, Washington",51905,41064,3931,2516,1415,142,65,77,263,221,42,1298,515,783,201,154,47,603,165,438,160,91,69,130,54,76,1046,721,325,2467,1471,996,0,0,0,600,293,307,53,02940
"Freeman School District, Washington",4820,4640,42,31,11,7,7,0,26,17,9,60,37,23,7,0,7,0,0,0,29,29,0,0,0,0,0,0,0,9,9,0,0,0,0,0,0,0,53,02970
"Garfield School District, Washington",654,644,7,7,0,0,0,0,3,0,3,0,0,0,0,0,0,0,0,0,0,0,0,0,0,0,0,0,0,0,0,0,0,0,0,0,0,0,53,03000
"Glenwood School District, Washington",514,503,5,5,0,0,0,0,0,0,0,0,0,0,0,0,0,0,0,0,1,1,0,0,0,0,0,0,0,0,0,0,0,0,0,5,0,5,53,03030
"Goldendale School District, Washington",7368,6945,293,209,84,14,14,0,14,14,0,0,0,0,53,49,4,0,0,0,16,16,0,0,0,0,8,8,0,0,0,0,0,0,0,25,25,0,53,03090
"Grand Coulee Dam School District, Washington",3992,3747,139,103,36,0,0,0,2,2,0,4,4,0,21,21,0,0,0,0,5,0,5,0,0,0,3,0,3,7,7,0,0,0,0,64,60,4,53,03130
"Grandview School District, Washington",14343,4596,9569,6201,3368,0,0,0,11,11,0,0,0,0,0,0,0,0,0,0,50,24,26,0,0,0,27,27,0,49,48,1,0,0,0,41,41,0,53,03150
"Granger School District, Washington",5620,1638,3971,2303,1668,11,11,0,0,0,0,0,0,0,0,0,0,0,0,0,0,0,0,0,0,0,0,0,0,0,0,0,0,0,0,0,0,0,53,03180
"Granite Falls School District, Washington",16153,14886,346,288,58,30,30,0,11,11,0,77,30,47,111,73,38,0,0,0,27,17,10,214,154,60,305,32,273,146,54,92,0,0,0,0,0,0,53,03210
"Grapeview School District, Washington",2456,2434,0,0,0,0,0,0,13,13,0,0,0,0,0,0,0,0,0,0,0,0,0,0,0,0,9,9,0,0,0,0,0,0,0,0,0,0,53,03240
"Great Northern School District, Washington",1254,1061,29,29,0,6,2,4,0,0,0,35,23,12,0,0,0,0,0,0,13,0,13,0,0,0,0,0,0,110,53,57,0,0,0,0,0,0,53,03270
"Green Mountain School District, Washington",977,934,37,20,17,0,0,0,0,0,0,0,0,0,0,0,0,0,0,0,0,0,0,0,0,0,0,0,0,3,0,3,0,0,0,3,3,0,53,03300
"Griffin School District, Washington",5978,5572,198,174,24,0,0,0,30,30,0,11,11,0,92,92,0,0,0,0,10,10,0,0,0,0,0,0,0,41,38,3,0,0,0,24,24,0,53,03330
"Harrington School District, Washington",761,758,3,3,0,0,0,0,0,0,0,0,0,0,0,0,0,0,0,0,0,0,0,0,0,0,0,0,0,0,0,0,0,0,0,0,0,0,53,03360
"Coulee-Hartline School District, Washington",1633,1623,10,6,4,0,0,0,0,0,0,0,0,0,0,0,0,0,0,0,0,0,0,0,0,0,0,0,0,0,0,0,0,0,0,0,0,0,53,03440
"Highland School District, Washington",4948,2485,2436,1440,996,0,0,0,0,0,0,0,0,0,12,12,0,15,15,0,0,0,0,0,0,0,0,0,0,0,0,0,0,0,0,0,0,0,53,03510
"Highline School District, Washington",128410,80170,20257,9532,10725,899,665,234,198,189,9,847,514,333,3124,1891,1233,612,525,87,690,319,371,6023,2591,3432,2058,1592,466,4543,2446,2097,765,485,280,8224,4910,3314,53,03540
"Hockinson School District, Washington",10613,9594,223,147,76,60,60,0,50,50,0,247,210,37,269,208,61,25,0,25,5,3,2,0,0,0,48,21,27,81,5,76,9,9,0,2,2,0,53,03570
"Hood Canal School District, Washington",5752,5442,207,124,83,0,0,0,0,0,0,0,0,0,0,0,0,8,8,0,44,35,9,2,2,0,16,16,0,1,0,1,0,0,0,32,32,0,53,03600
"Hoquiam School District, Washington",11388,10573,554,288,266,0,0,0,23,23,0,90,58,32,9,9,0,0,0,0,106,0,106,0,0,0,0,0,0,0,0,0,0,0,0,33,0,33,53,03660
"Index School District, Washington",502,477,25,10,15,0,0,0,0,0,0,0,0,0,0,0,0,0,0,0,0,0,0,0,0,0,0,0,0,0,0,0,0,0,0,0,0,0,53,03720
"Issaquah School District, Washington",113815,77126,3913,2869,1044,949,539,410,358,276,82,2755,1755,1000,7095,6430,665,2152,1331,821,10267,5698,4569,1610,987,623,945,727,218,5535,4751,784,620,523,97,490,432,58,53,03750
"Kahlotus School District, Washington",247,215,32,23,9,0,0,0,0,0,0,0,0,0,0,0,0,0,0,0,0,0,0,0,0,0,0,0,0,0,0,0,0,0,0,0,0,0,53,03780
"Kalama School District, Washington",7611,7238,298,179,119,0,0,0,8,8,0,42,25,17,25,25,0,0,0,0,0,0,0,0,0,0,0,0,0,0,0,0,0,0,0,0,0,0,53,03810
"Keller School District, Washington",462,441,2,2,0,0,0,0,0,0,0,0,0,0,0,0,0,0,0,0,0,0,0,0,0,0,0,0,0,0,0,0,0,0,0,19,8,11,53,03870
"Kennewick School District, Washington",93945,68966,20615,12741,7874,62,39,23,337,324,13,924,573,351,323,301,22,174,71,103,216,59,157,299,218,81,162,136,26,531,215,316,815,393,422,521,480,41,53,03930
"Kent School District, Washington",166364,104772,14706,8291,6415,1044,787,257,381,310,71,6204,2667,3537,8825,4311,4514,1037,518,519,4220,1638,2582,5348,2038,3310,4496,3094,1402,8145,4622,3523,1278,745,533,5908,4318,1590,53,03960
"Kettle Falls School District, Washington",5327,5163,69,23,46,0,0,0,0,0,0,38,38,0,13,0,13,0,0,0,0,0,0,0,0,0,21,1,20,23,0,23,0,0,0,0,0,0,53,03990
"Kiona-Benton City School District, Washington",8535,7283,1176,550,626,0,0,0,0,0,0,18,18,0,0,0,0,6,6,0,0,0,0,33,0,33,19,4,15,0,0,0,0,0,0,0,0,0,53,04020
"Kittitas School District, Washington",4057,3695,333,243,90,0,0,0,0,0,0,0,0,0,21,21,0,0,0,0,8,8,0,0,0,0,0,0,0,0,0,0,0,0,0,0,0,0,53,04050
"Klickitat School District, Washington",765,755,0,0,0,0,0,0,3,3,0,0,0,0,0,0,0,0,0,0,0,0,0,0,0,0,7,7,0,0,0,0,0,0,0,0,0,0,53,04080
"La Conner School District, Washington",4584,4288,140,115,25,17,12,5,16,16,0,22,16,6,15,15,0,11,2,9,7,3,4,7,3,4,9,1,8,16,8,8,0,0,0,36,36,0,53,04110
"LaCrosse School District, Washington",680,618,56,48,8,0,0,0,6,6,0,0,0,0,0,0,0,0,0,0,0,0,0,0,0,0,0,0,0,0,0,0,0,0,0,0,0,0,53,04150
"La Center School District, Washington",8967,8164,211,178,33,10,10,0,153,153,0,77,41,36,83,76,7,45,30,15,23,10,13,0,0,0,11,11,0,174,110,64,0,0,0,16,16,0,53,04170
"Lake Stevens School District, Washington",48695,40336,2871,1845,1026,131,87,44,125,115,10,916,488,428,1026,791,235,471,293,178,305,174,131,579,321,258,598,551,47,1028,710,318,115,54,61,194,153,41,53,04200
"Lake Washington School District, Washington",206170,127042,8756,6179,2577,1173,1141,32,1370,1131,239,6754,4926,1828,19020,15978,3042,2769,1424,1345,16651,10374,6277,1341,473,868,1311,790,521,15076,11754,3322,1724,1037,687,3183,2748,435,53,04230
"Lakewood School District, Washington",17048,15246,1312,692,620,47,47,0,73,73,0,26,14,12,130,29,101,23,0,23,46,46,0,0,0,0,87,60,27,58,58,0,0,0,0,0,0,0,53,04260
"Lamont School District, Washington",201,183,18,0,18,0,0,0,0,0,0,0,0,0,0,0,0,0,0,0,0,0,0,0,0,0,0,0,0,0,0,0,0,0,0,0,0,0,53,04290
"Liberty School District, Washington",4866,4728,71,9,62,0,0,0,0,0,0,27,11,16,18,18,0,0,0,0,9,4,5,0,0,0,0,0,0,10,10,0,0,0,0,3,3,0,53,04380
"Lind School District, Washington",1291,752,474,271,203,0,0,0,32,24,8,0,0,0,16,16,0,0,0,0,0,0,0,0,0,0,0,0,0,0,0,0,0,0,0,17,17,0,53,04410
"Longview Public Schools, Washington",44114,39958,3059,1999,1060,106,83,23,63,63,0,46,46,0,130,111,19,41,24,17,43,43,0,126,25,101,230,124,106,244,59,185,0,0,0,68,51,17,53,04470
"Loon Lake School District, Washington",2142,2088,13,13,0,0,0,0,6,6,0,9,4,5,26,26,0,0,0,0,0,0,0,0,0,0,0,0,0,0,0,0,0,0,0,0,0,0,53,04500
"Lopez School District, Washington",3146,2934,75,53,22,16,16,0,14,14,0,45,45,0,9,6,3,0,0,0,17,0,17,0,0,0,5,5,0,8,7,1,8,8,0,15,15,0,53,04530
"Riverview School District, Washington",21405,18696,959,622,337,98,95,3,234,132,102,229,132,97,435,369,66,0,0,0,171,89,82,0,0,0,62,62,0,395,333,62,51,21,30,75,58,17,53,04560
"Lyle School District, Washington",2958,2574,347,297,50,0,0,0,10,10,0,0,0,0,0,0,0,0,0,0,0,0,0,27,27,0,0,0,0,0,0,0,0,0,0,0,0,0,53,04590
"Lynden School District, Washington",20257,17312,2226,1193,1033,0,0,0,70,46,24,0,0,0,338,245,93,0,0,0,26,10,16,8,0,8,36,36,0,28,28,0,112,112,0,101,81,20,53,04620
"Mabton School District, Washington",3407,1005,2401,1392,1009,0,0,0,0,0,0,0,0,0,0,0,0,0,0,0,0,0,0,0,0,0,0,0,0,1,1,0,0,0,0,0,0,0,53,04650
"Mansfield School District, Washington",632,607,25,20,5,0,0,0,0,0,0,0,0,0,0,0,0,0,0,0,0,0,0,0,0,0,0,0,0,0,0,0,0,0,0,0,0,0,53,04710
"Manson School District, Washington",3735,2338,1346,643,703,25,7,18,26,26,0,0,0,0,0,0,0,0,0,0,0,0,0,0,0,0,0,0,0,0,0,0,0,0,0,0,0,0,53,04740
"Mary M. Knight School District, Washington",2274,2218,2,2,0,26,0,26,3,3,0,5,0,5,7,7,0,0,0,0,0,0,0,0,0,0,0,0,0,1,0,1,0,0,0,12,12,0,53,04800
"Mary Walker School District, Washington",2939,2814,19,15,4,0,0,0,0,0,0,2,2,0,0,0,0,0,0,0,0,0,0,0,0,0,45,14,31,13,13,0,0,0,0,46,46,0,53,04830
"Marysville School District, Washington",72471,58305,6558,4182,2376,182,182,0,85,85,0,1751,812,939,841,580,261,229,101,128,561,193,368,558,287,271,1048,497,551,946,605,341,351,324,27,1056,763,293,53,04860
"McCleary School District, Washington",3609,3449,115,81,34,0,0,0,0,0,0,0,0,0,8,8,0,0,0,0,0,0,0,0,0,0,8,8,0,22,5,17,0,0,0,7,7,0,53,04890
"Mead School District, Washington",60199,56471,1201,1026,175,105,69,36,154,154,0,847,628,219,446,367,79,84,31,53,271,210,61,11,8,3,123,81,42,318,184,134,123,123,0,45,41,4,53,04920
"Medical Lake School District, Washington",10176,9468,278,211,67,42,42,0,110,86,24,67,47,20,25,15,10,8,8,0,37,6,31,0,0,0,46,46,0,43,31,12,4,4,0,48,48,0,53,04950
"Mercer Island School District, Washington",24460,18188,339,269,70,165,165,0,265,265,0,311,258,53,1469,1199,270,593,417,176,2302,1180,1122,172,78,94,62,41,21,476,432,44,32,32,0,86,86,0,53,04980
"Meridian School District, Washington",12064,10141,997,791,206,0,0,0,14,14,0,32,23,9,491,304,187,12,12,0,109,71,38,23,17,6,0,0,0,90,90,0,87,10,77,68,68,0,53,05010
"Methow Valley School District, Washington",6242,5500,604,418,186,15,15,0,13,13,0,85,47,38,21,21,0,0,0,0,0,0,0,0,0,0,0,0,0,4,0,4,0,0,0,0,0,0,53,05020
"Mill A School District, Washington",482,457,19,18,1,0,0,0,0,0,0,0,0,0,4,4,0,0,0,0,2,2,0,0,0,0,0,0,0,0,0,0,0,0,0,0,0,0,53,05040
"Monroe School District, Washington",38725,31922,2874,1874,1000,59,59,0,150,150,0,1085,828,257,900,608,292,45,34,11,66,57,9,77,65,12,158,144,14,1091,698,393,194,194,0,104,88,16,53,05130
"Montesano School District, Washington",7221,6719,185,146,39,42,42,0,13,13,0,56,49,7,94,78,16,47,30,17,40,11,29,0,0,0,12,0,12,0,0,0,13,13,0,0,0,0,53,05160
"Morton School District, Washington",2664,2552,99,71,28,0,0,0,0,0,0,0,0,0,0,0,0,0,0,0,13,5,8,0,0,0,0,0,0,0,0,0,0,0,0,0,0,0,53,05190
"Moses Lake School District, Washington",45744,35367,8973,5731,3242,32,29,3,73,73,0,739,510,229,173,120,53,0,0,0,97,9,88,29,29,0,149,99,50,80,61,19,32,32,0,0,0,0,53,05220
"Mossyrock School District, Washington",4480,4030,384,255,129,0,0,0,21,21,0,32,32,0,0,0,0,0,0,0,0,0,0,12,6,6,0,0,0,0,0,0,0,0,0,1,1,0,53,05250
"Mount Adams School District, Washington",3811,2535,1080,634,446,0,0,0,0,0,0,0,0,0,23,23,0,0,0,0,0,0,0,0,0,0,8,8,0,28,17,11,10,10,0,127,120,7,53,05280
"Mount Baker School District, Washington",14137,13004,253,180,73,19,19,0,78,78,0,127,36,91,146,57,89,37,18,19,20,11,9,174,136,38,105,105,0,106,94,12,20,20,0,48,29,19,53,05310
"Mount Pleasant School District, Washington",390,378,2,2,0,0,0,0,4,4,0,2,2,0,0,0,0,0,0,0,4,0,4,0,0,0,0,0,0,0,0,0,0,0,0,0,0,0,53,05340
"East Valley School District (Yakima), Washington",19362,14080,4656,3337,1319,12,12,0,0,0,0,0,0,0,306,55,251,0,0,0,3,3,0,0,0,0,0,0,0,77,77,0,228,228,0,0,0,0,53,05370
"Mount Vernon School District, Washington",36776,25600,9471,5730,3741,0,0,0,168,168,0,536,142,394,312,140,172,11,0,11,103,51,52,28,0,28,192,157,35,112,72,40,40,18,22,203,98,105,53,05400
"Mukilteo School District, Washington",102303,65250,13077,6479,6598,536,354,182,232,232,0,4127,2399,1728,2435,1443,992,2358,741,1617,1047,531,516,3642,1060,2582,1690,1015,675,3363,1833,1530,1731,1292,439,2815,2132,683,53,05430
"Naches Valley School District, Washington",7957,6825,1041,770,271,28,18,10,35,35,0,0,0,0,0,0,0,0,0,0,0,0,0,5,0,5,19,19,0,4,1,3,0,0,0,0,0,0,53,05460
"Napavine School District, Washington",5422,5132,190,170,20,0,0,0,13,0,13,39,39,0,0,0,0,37,31,6,0,0,0,0,0,0,0,0,0,1,0,1,0,0,0,10,3,7,53,05490
"Naselle-Grays River Valley School District, Washington",2161,2054,81,51,30,0,0,0,0,0,0,0,0,0,0,0,0,0,0,0,0,0,0,0,0,0,0,0,0,26,16,10,0,0,0,0,0,0,53,05520
"Nespelem School District, Washington",967,811,7,3,4,0,0,0,0,0,0,0,0,0,0,0,0,0,0,0,0,0,0,0,0,0,0,0,0,5,0,5,0,0,0,144,142,2,53,05550
"Newport School District, Washington",8722,8538,72,67,5,24,16,8,16,16,0,43,0,43,13,13,0,0,0,0,0,0,0,0,0,0,0,0,0,16,16,0,0,0,0,0,0,0,53,05610
"Nine Mile Falls School District, Washington",9764,9425,120,91,29,6,6,0,14,14,0,106,78,28,0,0,0,0,0,0,0,0,0,0,0,0,0,0,0,83,71,12,0,0,0,10,10,0,53,05640
"Nooksack Valley School District, Washington",11102,9328,1454,755,699,0,0,0,145,67,78,75,24,51,26,24,2,9,9,0,18,18,0,0,0,0,2,2,0,24,2,22,0,0,0,21,12,9,53,05670
"North Beach School District, Washington",8165,7645,313,179,134,0,0,0,37,37,0,0,0,0,28,28,0,27,14,13,0,0,0,0,0,0,115,29,86,0,0,0,0,0,0,0,0,0,53,05700
"North Franklin School District, Washington",9910,6548,3106,1932,1174,8,0,8,9,0,9,6,6,0,21,21,0,0,0,0,0,0,0,22,22,0,37,37,0,138,118,20,0,0,0,15,15,0,53,05730
"North Kitsap School District, Washington",47070,43667,1708,861,847,81,41,40,68,63,5,189,96,93,553,535,18,38,35,3,83,60,23,41,13,28,291,203,88,147,130,17,91,47,44,113,79,34,53,05760
"North Mason School District, Washington",17033,15701,793,317,476,0,0,0,71,28,43,0,0,0,113,82,31,38,38,0,0,0,0,137,68,69,58,58,0,22,22,0,0,0,0,100,100,0,53,05790
"North River School District, Washington",287,282,2,2,0,0,0,0,0,0,0,0,0,0,0,0,0,0,0,0,0,0,0,0,0,0,0,0,0,0,0,0,0,0,0,3,3,0,53,05820
"North Thurston Public Schools, Washington",107494,90075,6019,3914,2105,321,274,47,1603,1413,190,356,253,103,733,474,259,1135,400,735,385,182,203,1813,650,1163,1927,1357,570,2570,1333,1237,248,167,81,309,213,96,53,05850
"Northport School District, Washington",1613,1563,22,21,1,0,0,0,7,7,0,0,0,0,3,3,0,0,0,0,0,0,0,0,0,0,11,6,5,4,4,0,0,0,0,3,3,0,53,05880
"Northshore School District, Washington",144790,100039,7555,4901,2654,515,479,36,633,602,31,4587,3154,1433,9255,7257,1998,2098,1130,968,6496,4015,2481,1084,672,412,749,604,145,8875,6640,2235,842,780,62,2062,1770,292,53,05910
"Oak Harbor School District, Washington",38384,32952,2206,1554,652,112,78,34,62,35,27,31,14,17,520,399,121,141,70,71,59,57,2,339,99,240,1379,701,678,503,230,273,0,0,0,80,80,0,53,05940
"Oakesdale School District, Washington",784,776,4,4,0,0,0,0,0,0,0,0,0,0,2,2,0,0,0,0,0,0,0,0,0,0,0,0,0,1,1,0,0,0,0,1,1,0,53,05970
"Oakville School District, Washington",2724,2618,70,51,19,0,0,0,0,0,0,4,4,0,0,0,0,1,0,1,8,0,8,0,0,0,0,0,0,0,0,0,0,0,0,23,23,0,53,06000
"Ocean Beach School District, Washington",11737,10862,604,511,93,62,62,0,58,58,0,33,33,0,59,55,4,20,7,13,11,0,11,5,5,0,3,3,0,20,20,0,0,0,0,0,0,0,53,06060
"Ocosta School District, Washington",6962,6243,413,226,187,0,0,0,7,7,0,74,22,52,19,19,0,0,0,0,0,0,0,10,0,10,0,0,0,123,118,5,65,61,4,8,8,0,53,06090
"Odessa School District, Washington",1349,1172,5,0,5,8,8,0,111,107,4,0,0,0,14,14,0,0,0,0,0,0,0,14,10,4,0,0,0,10,10,0,12,12,0,3,3,0,53,06120
"Okanogan School District, Washington",4948,4109,685,339,346,0,0,0,7,7,0,0,0,0,29,29,0,0,0,0,0,0,0,0,0,0,0,0,0,60,33,27,0,0,0,58,54,4,53,06150
"Olympia School District, Washington",68133,61086,1766,1541,225,299,226,73,696,696,0,230,183,47,344,268,76,798,226,572,602,254,348,892,220,672,189,149,40,936,685,251,165,133,32,130,108,22,53,06180
"Omak School District, Washington",10488,9734,600,357,243,0,0,0,1,1,0,0,0,0,13,13,0,30,0,30,0,0,0,0,0,0,7,7,0,49,18,31,0,0,0,54,54,0,53,06220
"Onalaska School District, Washington",6223,5568,570,339,231,0,0,0,7,7,0,0,0,0,0,0,0,0,0,0,0,0,0,14,0,14,28,28,0,36,0,36,0,0,0,0,0,0,53,06240
"Onion Creek School District, Washington",372,367,2,2,0,0,0,0,0,0,0,3,0,3,0,0,0,0,0,0,0,0,0,0,0,0,0,0,0,0,0,0,0,0,0,0,0,0,53,06270
"Orcas Island School District, Washington",5745,5386,188,94,94,33,29,4,24,24,0,26,20,6,26,26,0,0,0,0,16,0,16,0,0,0,0,0,0,26,23,3,0,0,0,20,20,0,53,06300
"Orchard Prairie School District, Washington",720,640,47,33,14,0,0,0,0,0,0,2,2,0,25,25,0,0,0,0,0,0,0,0,0,0,0,0,0,6,6,0,0,0,0,0,0,0,53,06330
"Orient School District, Washington",1153,1092,22,22,0,14,14,0,11,11,0,0,0,0,0,0,0,0,0,0,0,0,0,0,0,0,0,0,0,5,0,5,0,0,0,9,4,5,53,06360
"Orondo School District, Washington",2098,908,1138,388,750,3,3,0,35,35,0,0,0,0,12,12,0,0,0,0,0,0,0,2,0,2,0,0,0,0,0,0,0,0,0,0,0,0,53,06390
"Oroville School District, Washington",4463,3804,606,308,298,23,23,0,15,15,0,11,11,0,0,0,0,0,0,0,0,0,0,0,0,0,4,0,4,0,0,0,0,0,0,0,0,0,53,06420
"Orting School District, Washington",17200,15465,833,726,107,12,12,0,74,63,11,21,6,15,27,27,0,8,8,0,22,11,11,17,0,17,0,0,0,689,428,261,0,0,0,32,32,0,53,06450
"Othello School District, Washington",15170,5234,9704,5344,4360,0,0,0,0,0,0,3,3,0,0,0,0,0,0,0,0,0,0,44,0,44,30,15,15,1,1,0,15,0,15,139,0,139,53,06480
"Palisades School District, Washington",342,170,136,51,85,0,0,0,0,0,0,0,0,0,36,0,36,0,0,0,0,0,0,0,0,0,0,0,0,0,0,0,0,0,0,0,0,0,53,06510
"Palouse School District, Washington",1351,1282,54,54,0,9,0,9,2,2,0,0,0,0,0,0,0,0,0,0,0,0,0,0,0,0,4,4,0,0,0,0,0,0,0,0,0,0,53,06540
"Pasco School District, Washington",79791,38915,37839,22987,14852,8,8,0,317,317,0,1311,635,676,50,29,21,45,24,21,178,178,0,569,318,251,96,87,9,274,101,173,167,122,45,22,22,0,53,06570
"Pateros School District, Washington",1785,1339,442,213,229,0,0,0,4,4,0,0,0,0,0,0,0,0,0,0,0,0,0,0,0,0,0,0,0,0,0,0,0,0,0,0,0,0,53,06600
"Paterson School District, Washington",669,249,388,118,270,0,0,0,0,0,0,0,0,0,0,0,0,0,0,0,0,0,0,0,0,0,0,0,0,16,16,0,0,0,0,16,16,0,53,06630
"Pe Ell School District, Washington",1770,1757,7,6,1,0,0,0,6,6,0,0,0,0,0,0,0,0,0,0,0,0,0,0,0,0,0,0,0,0,0,0,0,0,0,0,0,0,53,06660
"Peninsula School District, Washington",67145,63549,1206,971,235,272,199,73,160,122,38,700,465,235,317,302,15,229,130,99,180,112,68,38,26,12,138,53,85,291,196,95,0,0,0,65,65,0,53,06690
"Pioneer School District, Washington",11940,11004,663,350,313,46,39,7,49,49,0,28,13,15,48,30,18,8,0,8,16,0,16,0,0,0,37,18,19,32,32,0,0,0,0,9,9,0,53,06750
"Pomeroy School District, Washington",2242,2105,113,82,31,0,0,0,0,0,0,0,0,0,0,0,0,0,0,0,0,0,0,0,0,0,0,0,0,24,12,12,0,0,0,0,0,0,53,06780
"Port Angeles School District, Washington",31295,29695,917,650,267,107,107,0,169,169,0,30,9,21,46,46,0,0,0,0,60,43,17,31,17,14,19,10,9,121,56,65,0,0,0,100,100,0,53,06820
"Port Townsend School District, Washington",16143,15062,457,382,75,133,109,24,57,57,0,19,10,9,103,95,8,0,0,0,128,60,68,0,0,0,38,23,15,96,55,41,0,0,0,50,50,0,53,06840
"Prescott School District, Washington",1460,759,685,243,442,0,0,0,0,0,0,2,2,0,0,0,0,0,0,0,0,0,0,14,4,10,0,0,0,0,0,0,0,0,0,0,0,0,53,06870
"Prosser School District, Washington",13836,8614,5050,2884,2166,13,13,0,0,0,0,11,11,0,57,45,12,0,0,0,11,6,5,0,0,0,0,0,0,64,25,39,0,0,0,16,16,0,53,06900
"Pullman School District, Washington",33105,28843,1055,905,150,363,306,57,197,171,26,179,165,14,488,439,49,328,161,167,1012,580,432,58,58,0,97,97,0,301,270,31,38,26,12,146,79,67,53,06930
"Puyallup School District, Washington",135029,114767,6525,4173,2352,593,360,233,629,583,46,2191,1241,950,1740,1185,555,1684,803,881,765,424,341,536,271,265,1630,1207,423,2248,1576,672,392,239,153,1329,1115,214,53,06960
"Quilcene School District, Washington",1994,1907,12,6,6,4,4,0,18,18,0,0,0,0,0,0,0,0,0,0,0,0,0,21,10,11,0,0,0,8,8,0,0,0,0,24,3,21,53,06990
"Quillayute Valley School District, Washington",5835,5033,387,297,90,0,0,0,0,0,0,1,0,1,231,231,0,5,5,0,2,1,1,22,0,22,11,11,0,9,9,0,0,0,0,134,109,25,53,07020
"Lake Quinault School District, Washington",774,570,204,116,88,0,0,0,0,0,0,0,0,0,0,0,0,0,0,0,0,0,0,0,0,0,0,0,0,0,0,0,0,0,0,0,0,0,53,07050
"Quincy School District, Washington",12130,4570,7418,3849,3569,9,9,0,0,0,0,0,0,0,26,26,0,0,0,0,0,0,0,0,0,0,0,0,0,75,31,44,0,0,0,32,26,6,53,07080
"Rainier School District, Washington",4870,4462,298,242,56,4,4,0,20,20,0,13,13,0,0,0,0,0,0,0,11,11,0,0,0,0,0,0,0,0,0,0,0,0,0,62,62,0,53,07110
"Raymond School District, Washington",3980,3450,389,237,152,0,0,0,101,81,20,2,0,2,0,0,0,0,0,0,0,0,0,0,0,0,0,0,0,38,8,30,0,0,0,0,0,0,53,07140
"Reardan-Edwall School District, Washington",5074,4584,145,94,51,177,126,51,0,0,0,73,73,0,52,52,0,0,0,0,20,0,20,15,15,0,0,0,0,8,8,0,0,0,0,0,0,0,53,07210
"Renton School District, Washington",120839,76044,11839,6680,5159,274,263,11,165,145,20,2639,1367,1272,3715,2581,1134,1922,1103,819,7436,3081,4355,6142,2270,3872,3348,2107,1241,3784,2155,1629,741,443,298,2790,1808,982,53,07230
"Republic School District, Washington",2868,2746,31,12,19,23,23,0,0,0,0,10,0,10,0,0,0,0,0,0,0,0,0,0,0,0,0,0,0,58,58,0,0,0,0,0,0,0,53,07260
"Richland School District, Washington",77052,67359,4658,3323,1335,124,124,0,147,141,6,835,590,245,1446,1107,339,328,232,96,722,475,247,376,95,281,193,158,35,370,270,100,413,314,99,81,81,0,53,07320
"Ridgefield School District, Washington",22341,20065,1122,790,332,22,22,0,12,12,0,195,147,48,241,241,0,92,92,0,378,35,343,0,0,0,36,36,0,99,99,0,0,0,0,79,16,63,53,07350
"Ritzville School District, Washington",2532,2481,35,23,12,0,0,0,0,0,0,0,0,0,0,0,0,0,0,0,9,9,0,7,7,0,0,0,0,0,0,0,0,0,0,0,0,0,53,07380
"Riverside School District, Washington",11204,10979,88,46,42,0,0,0,8,8,0,0,0,0,14,10,4,0,0,0,0,0,0,0,0,0,56,22,34,20,20,0,0,0,0,39,39,0,53,07440
"Rochester School District, Washington",14768,12906,1661,840,821,0,0,0,58,58,0,0,0,0,0,0,0,33,12,21,0,0,0,44,27,17,0,0,0,50,39,11,0,0,0,16,16,0,53,07470
"Roosevelt School District, Washington",315,206,109,32,77,0,0,0,0,0,0,0,0,0,0,0,0,0,0,0,0,0,0,0,0,0,0,0,0,0,0,0,0,0,0,0,0,0,53,07530
"Rosalia School District, Washington",860,846,11,9,2,0,0,0,0,0,0,0,0,0,0,0,0,0,0,0,0,0,0,0,0,0,0,0,0,0,0,0,0,0,0,3,3,0,53,07560
"Royal School District, Washington",6484,2709,3724,1716,2008,0,0,0,0,0,0,0,0,0,0,0,0,0,0,0,0,0,0,0,0,0,0,0,0,0,0,0,0,0,0,51,51,0,53,07620
"San Juan Island School District, Washington",8972,8325,360,269,91,36,36,0,59,54,5,17,9,8,88,78,10,16,7,9,30,30,0,2,2,0,13,13,0,20,3,17,0,0,0,6,6,0,53,07650
"Satsop School District, Washington",719,587,104,75,29,0,0,0,0,0,0,1,1,0,0,0,0,27,27,0,0,0,0,0,0,0,0,0,0,0,0,0,0,0,0,0,0,0,53,07680
"Seattle Public Schools, Washington",722726,551607,34421,24782,9639,5176,4712,464,4998,4617,381,7089,5404,1685,24194,21606,2588,6059,4178,1881,36036,21175,14861,11429,4568,6861,7329,5145,2184,16868,12336,4532,1875,1342,533,15645,9292,6353,53,07710
"Sedro-Woolley School District, Washington",27668,24580,2401,1678,723,91,79,12,30,30,0,85,62,23,144,124,20,0,0,0,83,0,83,49,43,6,100,86,14,89,43,46,0,0,0,16,16,0,53,07740
"Selah School District, Washington",19542,16549,2825,2039,786,9,0,9,0,0,0,47,36,11,0,0,0,11,11,0,0,0,0,11,11,0,4,4,0,67,67,0,0,0,0,19,19,0,53,07770
"Selkirk School District, Washington",1884,1834,7,6,1,0,0,0,0,0,0,0,0,0,0,0,0,22,12,10,0,0,0,0,0,0,9,0,9,12,12,0,0,0,0,0,0,0,53,07800
"Sequim School District, Washington",32900,31118,678,428,250,63,63,0,434,326,108,125,110,15,162,110,52,3,0,3,76,22,54,0,0,0,68,37,31,161,149,12,4,4,0,8,8,0,53,07830
"Shaw Island School District, Washington",149,149,0,0,0,0,0,0,0,0,0,0,0,0,0,0,0,0,0,0,0,0,0,0,0,0,0,0,0,0,0,0,0,0,0,0,0,0,53,07860
"Shelton School District, Washington",23193,19251,3278,1678,1600,2,2,0,65,65,0,44,44,0,48,48,0,0,0,0,0,0,0,27,0,27,8,0,8,100,100,0,0,0,0,370,124,246,53,07900
"Shoreline School District, Washington",71297,54774,3760,2650,1110,135,124,11,247,231,16,721,414,307,1216,822,394,1005,446,559,2825,1572,1253,823,377,446,1342,848,494,1581,1191,390,496,303,193,2372,1453,919,53,07920
"Skamania School District, Washington",880,847,19,15,4,2,2,0,0,0,0,4,4,0,0,0,0,0,0,0,4,0,4,0,0,0,0,0,0,4,0,4,0,0,0,0,0,0,53,07950
"Skykomish School District, Washington",355,332,3,0,3,6,3,3,0,0,0,2,0,2,0,0,0,0,0,0,1,1,0,0,0,0,0,0,0,11,11,0,0,0,0,0,0,0,53,07980
"Snohomish School District, Washington",55976,49573,2235,1414,821,28,28,0,187,127,60,330,179,151,836,704,132,695,92,603,533,280,253,97,75,22,248,216,32,861,717,144,242,223,19,111,53,58,53,08020
"Snoqualmie Valley School District, Washington",36804,32140,1051,776,275,209,168,41,115,115,0,394,292,102,862,761,101,104,77,27,500,264,236,0,0,0,140,35,105,725,578,147,25,16,9,539,539,0,53,08040
"Soap Lake School District, Washington",3649,2497,961,612,349,0,0,0,0,0,0,191,146,45,0,0,0,0,0,0,0,0,0,0,0,0,0,0,0,0,0,0,0,0,0,0,0,0,53,08070
"South Bend School District, Washington",2585,2063,445,226,219,0,0,0,10,10,0,0,0,0,8,8,0,10,10,0,0,0,0,0,0,0,0,0,0,49,42,7,0,0,0,0,0,0,53,08100
"Tukwila School District, Washington",19478,10003,3283,1968,1315,0,0,0,0,0,0,431,171,260,661,237,424,0,0,0,193,57,136,1071,444,627,591,271,320,844,394,450,387,129,258,2014,1221,793,53,08130
"South Kitsap School District, Washington",71921,65993,2388,1774,614,359,330,29,143,130,13,131,131,0,277,230,47,212,64,148,197,79,118,130,53,77,854,731,123,994,673,321,89,44,45,154,130,24,53,08160
"South Whidbey School District, Washington",16353,15641,370,264,106,16,16,0,16,16,0,60,40,20,78,70,8,0,0,0,35,26,9,9,0,9,0,0,0,73,41,32,46,46,0,9,0,9,53,08190
"Southside School District, Washington",2095,1998,88,74,14,0,0,0,0,0,0,0,0,0,0,0,0,0,0,0,0,0,0,0,0,0,8,8,0,0,0,0,0,0,0,1,1,0,53,08220
"Spokane Public Schools, Washington",229522,210424,6628,4540,2088,555,406,149,535,495,40,3270,1680,1590,2066,1298,768,82,71,11,589,213,376,823,362,461,400,262,138,2026,911,1115,1248,536,712,876,606,270,53,08250
"Sprague School District, Washington",789,769,7,0,7,3,3,0,0,0,0,0,0,0,0,0,0,0,0,0,0,0,0,0,0,0,4,1,3,3,3,0,3,3,0,0,0,0,53,08280
"St. John School District, Washington",902,866,0,0,0,0,0,0,4,4,0,0,0,0,0,0,0,0,0,0,0,0,0,24,0,24,4,0,4,4,4,0,0,0,0,0,0,0,53,08310
"Stanwood-Camano School District, Washington",38455,36061,1275,824,451,8,8,0,108,108,0,308,235,73,154,143,11,148,91,57,207,120,87,19,19,0,34,17,17,32,20,12,21,21,0,80,80,0,53,08340
"Star School District, Washington",385,97,278,166,112,0,0,0,0,0,0,0,0,0,0,0,0,0,0,0,0,0,0,0,0,0,0,0,0,0,0,0,0,0,0,10,10,0,53,08370
"Starbuck School District, Washington",108,108,0,0,0,0,0,0,0,0,0,0,0,0,0,0,0,0,0,0,0,0,0,0,0,0,0,0,0,0,0,0,0,0,0,0,0,0,53,08400
"Stehekin School District, Washington",42,38,0,0,0,0,0,0,0,0,0,4,4,0,0,0,0,0,0,0,0,0,0,0,0,0,0,0,0,0,0,0,0,0,0,0,0,0,53,08430
"Steilacoom Historical School District, Washington",22126,18749,994,914,80,39,39,0,408,329,79,62,33,29,176,86,90,346,162,184,197,140,57,98,51,47,418,182,236,404,216,188,8,4,4,227,172,55,53,08460
"Steptoe School District, Washington",249,241,7,7,0,0,0,0,1,1,0,0,0,0,0,0,0,0,0,0,0,0,0,0,0,0,0,0,0,0,0,0,0,0,0,0,0,0,53,08490
"Stevenson-Carson School District, Washington",6510,6297,130,77,53,12,12,0,7,7,0,18,18,0,0,0,0,0,0,0,0,0,0,0,0,0,10,10,0,30,30,0,6,6,0,0,0,0,53,08520
"Sultan School District, Washington",13918,11419,1473,746,727,56,36,20,33,33,0,16,16,0,62,61,1,274,89,185,2,0,2,35,0,35,6,6,0,540,522,18,0,0,0,2,2,0,53,08550
"Summit Valley School District, Washington",655,639,12,3,9,0,0,0,0,0,0,0,0,0,0,0,0,0,0,0,0,0,0,0,0,0,4,4,0,0,0,0,0,0,0,0,0,0,53,08580
"Sumner School District, Washington",51840,46304,2549,1598,951,56,44,12,166,152,14,1161,687,474,467,362,105,250,49,201,189,64,125,35,22,13,132,118,14,381,259,122,0,0,0,150,115,35,53,08610
"Sunnyside School District, Washington",22503,7698,14295,7625,6670,0,0,0,0,0,0,0,0,0,1,1,0,0,0,0,54,12,42,120,71,49,24,18,6,0,0,0,311,170,141,0,0,0,53,08670
"Tacoma Public Schools, Washington",220692,180702,14665,9284,5381,857,535,322,621,561,60,3188,1587,1601,1933,1120,813,2752,1152,1600,967,456,511,4019,1240,2779,2453,1718,735,6632,3373,3259,367,201,166,1536,1098,438,53,08700
"Taholah School District, Washington",1031,931,20,15,5,2,2,0,0,0,0,0,0,0,2,2,0,0,0,0,0,0,0,0,0,0,0,0,0,0,0,0,0,0,0,76,76,0,53,08730
"Tahoma School District, Washington",41323,34436,916,775,141,215,170,45,182,182,0,1121,614,507,1194,911,283,303,176,127,681,403,278,218,100,118,353,301,52,1430,1067,363,206,146,60,68,68,0,53,08760
"Tekoa School District, Washington",832,760,49,49,0,0,0,0,0,0,0,0,0,0,8,8,0,0,0,0,0,0,0,0,0,0,0,0,0,0,0,0,0,0,0,15,15,0,53,08790
"Tenino School District, Washington",9886,9387,215,190,25,6,6,0,155,155,0,0,0,0,38,38,0,21,11,10,0,0,0,0,0,0,35,35,0,22,17,5,0,0,0,7,7,0,53,08820
"Thorp School District, Washington",1445,1381,54,52,2,3,3,0,4,4,0,0,0,0,0,0,0,0,0,0,0,0,0,0,0,0,0,0,0,3,0,3,0,0,0,0,0,0,53,08850
"Toledo School District, Washington",4925,4799,110,90,20,0,0,0,6,6,0,0,0,0,0,0,0,0,0,0,0,0,0,0,0,0,10,10,0,0,0,0,0,0,0,0,0,0,53,08910
"Tonasket School District, Washington",6141,5103,999,575,424,0,0,0,39,39,0,0,0,0,0,0,0,0,0,0,0,0,0,0,0,0,0,0,0,0,0,0,0,0,0,0,0,0,53,08940
"Toppenish School District, Washington",12657,4942,7541,4120,3421,0,0,0,0,0,0,0,0,0,22,22,0,21,21,0,0,0,0,0,0,0,12,12,0,0,0,0,0,0,0,119,75,44,53,08970
"Touchet School District, Washington",1187,648,518,335,183,5,5,0,9,9,0,0,0,0,0,0,0,0,0,0,0,0,0,0,0,0,0,0,0,7,0,7,0,0,0,0,0,0,53,09000
"Toutle Lake School District, Washington",4287,4175,58,54,4,0,0,0,32,32,0,22,17,5,0,0,0,0,0,0,0,0,0,0,0,0,0,0,0,0,0,0,0,0,0,0,0,0,53,09030
"Trout Lake School District, Washington",1146,1061,69,47,22,0,0,0,16,0,16,0,0,0,0,0,0,0,0,0,0,0,0,0,0,0,0,0,0,0,0,0,0,0,0,0,0,0,53,09060
"Tumwater School District, Washington",43213,40044,1279,1019,260,171,113,58,144,125,19,25,19,6,180,88,92,88,34,54,105,105,0,323,121,202,142,98,44,519,451,68,35,25,10,158,148,10,53,09100
"Union Gap School District, Washington",3509,1446,1807,1216,591,18,18,0,45,26,19,0,0,0,40,22,18,0,0,0,0,0,0,0,0,0,0,0,0,139,64,75,0,0,0,14,14,0,53,09150
"University Place School District, Washington",31337,25384,2175,1773,402,48,48,0,172,152,20,266,116,150,466,353,113,764,398,366,99,72,27,299,139,160,644,583,61,353,291,62,174,56,118,493,281,212,53,09180
"Valley School District, Washington",1575,1553,8,8,0,0,0,0,0,0,0,0,0,0,11,11,0,0,0,0,0,0,0,0,0,0,0,0,0,0,0,0,0,0,0,3,3,0,53,09240
"Vancouver Public Schools, Washington",159826,131475,14165,9376,4789,673,616,57,486,486,0,4837,2472,2365,2029,1462,567,409,168,241,972,628,344,1046,349,697,1096,852,244,1699,1248,451,339,299,40,600,593,7,53,09270
"Vashon Island School District, Washington",9652,8707,343,273,70,1,0,1,49,35,14,47,14,33,173,127,46,37,24,13,206,100,106,0,0,0,30,17,13,40,40,0,0,0,0,19,19,0,53,09300
"Wahkiakum School District, Washington",3628,3545,60,60,0,0,0,0,12,12,0,0,0,0,10,10,0,0,0,0,1,0,1,0,0,0,0,0,0,0,0,0,0,0,0,0,0,0,53,09330
"Wahluke School District, Washington",7694,1497,6014,2852,3162,0,0,0,0,0,0,8,0,8,18,18,0,3,0,3,0,0,0,0,0,0,0,0,0,0,0,0,0,0,0,154,136,18,53,09360
"Waitsburg School District, Washington",1533,1383,129,25,104,0,0,0,3,3,0,0,0,0,0,0,0,0,0,0,0,0,0,0,0,0,0,0,0,0,0,0,0,0,0,18,18,0,53,09390
"Walla Walla Public Schools, Washington",37242,29858,6368,4408,1960,187,187,0,90,90,0,134,63,71,124,100,24,26,8,18,144,51,93,27,24,3,115,90,25,53,33,20,25,25,0,91,62,29,53,09450
"Wapato School District, Washington",11986,4815,6723,4039,2684,0,0,0,0,0,0,0,0,0,0,0,0,0,0,0,0,0,0,0,0,0,77,26,51,106,96,10,0,0,0,265,265,0,53,09480
"Warden School District, Washington",3737,2193,1535,890,645,0,0,0,0,0,0,0,0,0,0,0,0,0,0,0,0,0,0,0,0,0,9,9,0,0,0,0,0,0,0,0,0,0,53,09510
"Washougal School District, Washington",20702,18682,1381,999,382,0,0,0,48,48,0,104,46,58,70,70,0,0,0,0,229,195,34,29,29,0,49,49,0,89,77,12,0,0,0,21,21,0,53,09540
"Washtucna School District, Washington",382,356,22,22,0,0,0,0,0,0,0,0,0,0,0,0,0,0,0,0,0,0,0,0,0,0,0,0,0,4,4,0,0,0,0,0,0,0,53,09570
"Waterville School District, Washington",1830,1660,157,69,88,0,0,0,13,13,0,0,0,0,0,0,0,0,0,0,0,0,0,0,0,0,0,0,0,0,0,0,0,0,0,0,0,0,53,09600
"Wellpinit School District, Washington",803,714,0,0,0,0,0,0,0,0,0,0,0,0,0,0,0,0,0,0,0,0,0,0,0,0,0,0,0,1,0,1,0,0,0,88,84,4,53,09630
"Wenatchee School District, Washington",43749,31417,11646,7279,4367,52,34,18,81,81,0,141,104,37,81,72,9,23,23,0,83,55,28,0,0,0,10,10,0,179,118,61,0,0,0,36,36,0,53,09660
"West Valley School District (Spokane), Washington",20855,19575,506,364,142,13,5,8,93,70,23,349,277,72,90,87,3,10,10,0,11,1,10,58,45,13,3,0,3,135,84,51,10,10,0,2,2,0,53,09690
"West Valley School District (Yakima), Washington",32100,25485,5595,3694,1901,60,60,0,195,195,0,65,65,0,220,159,61,47,44,3,98,5,93,57,0,57,113,92,21,106,106,0,0,0,0,59,59,0,53,09720
"White Pass School District, Washington",4032,3902,75,75,0,0,0,0,15,15,0,40,40,0,0,0,0,0,0,0,0,0,0,0,0,0,0,0,0,0,0,0,0,0,0,0,0,0,53,09750
"White River School District, Washington",24626,23126,750,441,309,213,19,194,46,12,34,139,75,64,54,43,11,0,0,0,64,38,26,4,4,0,23,14,9,207,197,10,0,0,0,0,0,0,53,09780
"White Salmon Valley School District, Washington",8768,6894,1583,908,675,10,10,0,97,97,0,13,13,0,56,56,0,0,0,0,0,0,0,0,0,0,0,0,0,15,15,0,12,12,0,88,88,0,53,09810
"Wilbur School District, Washington",1395,1359,0,0,0,0,0,0,0,0,0,10,10,0,26,0,26,0,0,0,0,0,0,0,0,0,0,0,0,0,0,0,0,0,0,0,0,0,53,09840
"Willapa Valley School District, Washington",2577,2336,118,60,58,5,5,0,30,30,0,68,61,7,0,0,0,0,0,0,0,0,0,0,0,0,3,0,3,0,0,0,0,0,0,17,17,0,53,09870
"Wilson Creek School District, Washington",345,337,7,7,0,0,0,0,0,0,0,0,0,0,0,0,0,0,0,0,0,0,0,0,0,0,0,0,0,1,1,0,0,0,0,0,0,0,53,09900
"Winlock School District, Washington",3516,3266,206,168,38,5,5,0,9,9,0,3,0,3,23,23,0,0,0,0,0,0,0,0,0,0,0,0,0,4,4,0,0,0,0,0,0,0,53,09930
"Wishkah Valley School District, Washington",1061,1029,28,27,1,0,0,0,0,0,0,0,0,0,0,0,0,0,0,0,0,0,0,0,0,0,0,0,0,0,0,0,0,0,0,4,4,0,53,09990
"Wishram School District, Washington",405,389,16,16,0,0,0,0,0,0,0,0,0,0,0,0,0,0,0,0,0,0,0,0,0,0,0,0,0,0,0,0,0,0,0,0,0,0,53,10020
"Woodland School District, Washington",15375,13508,1298,469,829,122,95,27,123,26,97,65,44,21,155,155,0,0,0,0,10,0,10,0,0,0,31,31,0,63,63,0,0,0,0,0,0,0,53,10050
"Yakima School District, Washington",72552,40426,31128,18983,12145,37,30,7,75,48,27,197,150,47,6,6,0,30,0,30,3,3,0,74,63,11,113,90,23,362,181,181,0,0,0,101,56,45,53,10110
"Yelm Community Schools, Washington",33456,30393,1598,1228,370,36,28,8,397,352,45,133,103,30,229,211,18,75,45,30,97,0,97,24,0,24,95,57,38,311,115,196,0,0,0,68,68,0,53,10140
"Zillah School District, Washington",5011,3351,1615,984,631,0,0,0,32,32,0,0,0,0,0,0,0,0,0,0,0,0,0,0,0,0,13,13,0,0,0,0,0,0,0,0,0,0,53,10170
