path,locale,en_status,locale_status,en_body_chars,locale_body_chars,body_identical_to_english,locale_title,capture_date
/,es-ES,200,200,2299,2301,False,"Inicio - King County, Washington",2026-09-05
/,ko-KR,200,200,2299,2296,False,"홈 - King County, Washington",2026-09-05
/,ru-RU,200,200,2299,2300,False,"Домой - King County, Washington",2026-09-05
/,so-SO,200,200,2299,2299,True,"Home - King County, Washington",2026-09-05
/,uk-UA,200,200,2299,2302,False,"Головна - King County, Washington",2026-09-05
/,vi-VN,200,200,2299,2304,False,"Trang chủ - King County, Washington",2026-09-05
/,zh-CN,200,200,2299,2297,False,"主页 - King County, Washington",2026-09-05
/dept/assessor/buildings-and-property/property-value-and-information/reports/area-reports/2025/residential-southwest/062,es-ES,200,200,648,648,True,"Residential Geographic Area 62 in Lea Hill - King County, Washington",2026-09-05
/dept/assessor/buildings-and-property/property-value-and-information/reports/area-reports/2025/residential-southwest/062,ko-KR,200,200,648,648,True,"Residential Geographic Area 62 in Lea Hill - King County, Washington",2026-09-05
/dept/assessor/buildings-and-property/property-value-and-information/reports/area-reports/2025/residential-southwest/062,ru-RU,200,200,648,648,True,"Residential Geographic Area 62 in Lea Hill - King County, Washington",2026-09-05
/dept/assessor/buildings-and-property/property-value-and-information/reports/area-reports/2025/residential-southwest/062,so-SO,200,200,648,648,True,"Residential Geographic Area 62 in Lea Hill - King County, Washington",2026-09-05
/dept/assessor/buildings-and-property/property-value-and-information/reports/area-reports/2025/residential-southwest/062,uk-UA,200,200,648,648,True,"Residential Geographic Area 62 in Lea Hill - King County, Washington",2026-09-05
/dept/assessor/buildings-and-property/property-value-and-information/reports/area-reports/2025/residential-southwest/062,vi-VN,200,200,648,648,True,"Residential Geographic Area 62 in Lea Hill - King County, Washington",2026-09-05
/dept/assessor/buildings-and-property/property-value-and-information/reports/area-reports/2025/residential-southwest/062,zh-CN,200,200,648,648,True,"Residential Geographic Area 62 in Lea Hill - King County, Washington",2026-09-05
/dept/council/governance-leadership/county-council/newsroom/archived-news/2009/may/dc_whitecenter,es-ES,200,200,2184,2184,True,"Ground broken at White Center Square - King County, Washington",2026-09-05
/dept/council/governance-leadership/county-council/newsroom/archived-news/2009/may/dc_whitecenter,ko-KR,200,200,2184,2184,True,"Ground broken at White Center Square - King County, Washington",2026-09-05
/dept/council/governance-leadership/county-council/newsroom/archived-news/2009/may/dc_whitecenter,ru-RU,200,200,2184,2184,True,"Ground broken at White Center Square - King County, Washington",2026-09-05
/dept/council/governance-leadership/county-council/newsroom/archived-news/2009/may/dc_whitecenter,so-SO,200,200,2184,2184,True,"Ground broken at White Center Square - King County, Washington",2026-09-05
/dept/council/governance-leadership/county-council/newsroom/archived-news/2009/may/dc_whitecenter,uk-UA,200,200,2184,2184,True,"Ground broken at White Center Square - King County, Washington",2026-09-05
/dept/council/governance-leadership/county-council/newsroom/archived-news/2009/may/dc_whitecenter,vi-VN,200,200,2184,2184,True,"Ground broken at White Center Square - King County, Washington",2026-09-05
/dept/council/governance-leadership/county-council/newsroom/archived-news/2009/may/dc_whitecenter,zh-CN,200,200,2184,2184,True,"Ground broken at White Center Square - King County, Washington",2026-09-05
/dept/council/governance-leadership/county-council/newsroom/archived-news/2014/august,es-ES,200,200,701,701,True,"August - King County, Washington",2026-09-05
/dept/council/governance-leadership/county-council/newsroom/archived-news/2014/august,ko-KR,200,200,701,701,True,"August - King County, Washington",2026-09-05
/dept/council/governance-leadership/county-council/newsroom/archived-news/2014/august,ru-RU,200,200,701,701,True,"August - King County, Washington",2026-09-05
/dept/council/governance-leadership/county-council/newsroom/archived-news/2014/august,so-SO,200,200,701,701,True,"August - King County, Washington",2026-09-05
/dept/council/governance-leadership/county-council/newsroom/archived-news/2014/august,uk-UA,200,200,701,701,True,"August - King County, Washington",2026-09-05
/dept/council/governance-leadership/county-council/newsroom/archived-news/2014/august,vi-VN,200,200,701,701,True,"August - King County, Washington",2026-09-05
/dept/council/governance-leadership/county-council/newsroom/archived-news/2014/august,zh-CN,200,200,701,701,True,"August - King County, Washington",2026-09-05
/dept/council/governance-leadership/county-council/newsroom/archived-news/2018/march/03-05-women,es-ES,200,200,2179,2179,True,"Women’s History Month Proclaimed by Council - King County, Washington",2026-09-05
/dept/council/governance-leadership/county-council/newsroom/archived-news/2018/march/03-05-women,ko-KR,200,200,2179,2179,True,"Women’s History Month Proclaimed by Council - King County, Washington",2026-09-05
/dept/council/governance-leadership/county-council/newsroom/archived-news/2018/march/03-05-women,ru-RU,200,200,2179,2179,True,"Women’s History Month Proclaimed by Council - King County, Washington",2026-09-05
/dept/council/governance-leadership/county-council/newsroom/archived-news/2018/march/03-05-women,so-SO,200,200,2179,2179,True,"Women’s History Month Proclaimed by Council - King County, Washington",2026-09-05
/dept/council/governance-leadership/county-council/newsroom/archived-news/2018/march/03-05-women,uk-UA,200,200,2179,2179,True,"Women’s History Month Proclaimed by Council - King County, Washington",2026-09-05
/dept/council/governance-leadership/county-council/newsroom/archived-news/2018/march/03-05-women,vi-VN,200,200,2179,2179,True,"Women’s History Month Proclaimed by Council - King County, Washington",2026-09-05
/dept/council/governance-leadership/county-council/newsroom/archived-news/2018/march/03-05-women,zh-CN,200,200,2179,2179,True,"Women’s History Month Proclaimed by Council - King County, Washington",2026-09-05
/dept/dchs/human-social-services/behavioral-health-recovery/recovery-services/recovery-month,es-ES,200,200,927,927,True,"2023 Behavioral Health and Wellness Virtual Art Gallery - King County, Washington",2026-09-05
/dept/dchs/human-social-services/behavioral-health-recovery/recovery-services/recovery-month,ko-KR,200,200,927,927,True,"2023 Behavioral Health and Wellness Virtual Art Gallery - King County, Washington",2026-09-05
/dept/dchs/human-social-services/behavioral-health-recovery/recovery-services/recovery-month,ru-RU,200,200,927,927,True,"2023 Behavioral Health and Wellness Virtual Art Gallery - King County, Washington",2026-09-05
/dept/dchs/human-social-services/behavioral-health-recovery/recovery-services/recovery-month,so-SO,200,200,927,927,True,"2023 Behavioral Health and Wellness Virtual Art Gallery - King County, Washington",2026-09-05
/dept/dchs/human-social-services/behavioral-health-recovery/recovery-services/recovery-month,uk-UA,200,200,927,927,True,"2023 Behavioral Health and Wellness Virtual Art Gallery - King County, Washington",2026-09-05
/dept/dchs/human-social-services/behavioral-health-recovery/recovery-services/recovery-month,vi-VN,200,200,927,927,True,"2023 Behavioral Health and Wellness Virtual Art Gallery - King County, Washington",2026-09-05
/dept/dchs/human-social-services/behavioral-health-recovery/recovery-services/recovery-month,zh-CN,200,200,927,927,True,"2023 Behavioral Health and Wellness Virtual Art Gallery - King County, Washington",2026-09-05
/dept/dnrp/nature-recreation/environment-ecology-conservation/noxious-weeds/identification-control/identify-a-noxious-weed/vining,es-ES,200,200,1618,1618,True,"Vining plants - King County, Washington",2026-09-05
/dept/dnrp/nature-recreation/environment-ecology-conservation/noxious-weeds/identification-control/identify-a-noxious-weed/vining,ko-KR,200,200,1618,1618,True,"Vining plants - King County, Washington",2026-09-05
/dept/dnrp/nature-recreation/environment-ecology-conservation/noxious-weeds/identification-control/identify-a-noxious-weed/vining,ru-RU,200,200,1618,1618,True,"Vining plants - King County, Washington",2026-09-05
/dept/dnrp/nature-recreation/environment-ecology-conservation/noxious-weeds/identification-control/identify-a-noxious-weed/vining,so-SO,200,200,1618,1618,True,"Vining plants - King County, Washington",2026-09-05
/dept/dnrp/nature-recreation/environment-ecology-conservation/noxious-weeds/identification-control/identify-a-noxious-weed/vining,uk-UA,200,200,1618,1618,True,"Vining plants - King County, Washington",2026-09-05
/dept/dnrp/nature-recreation/environment-ecology-conservation/noxious-weeds/identification-control/identify-a-noxious-weed/vining,vi-VN,200,200,1618,1618,True,"Vining plants - King County, Washington",2026-09-05
/dept/dnrp/nature-recreation/environment-ecology-conservation/noxious-weeds/identification-control/identify-a-noxious-weed/vining,zh-CN,200,200,1618,1618,True,"Vining plants - King County, Washington",2026-09-05
/dept/dnrp/waste-services/hazardous-waste-program/news-events/news/2024-08-12-cleveland-high-school-collaboration,es-ES,200,200,2871,2871,True,"Partnership with Seattle’s Cleveland High School builds hazardous waste awareness for years to come - King County, Washington",2026-09-05
/dept/dnrp/waste-services/hazardous-waste-program/news-events/news/2024-08-12-cleveland-high-school-collaboration,ko-KR,200,200,2871,2871,True,"Partnership with Seattle’s Cleveland High School builds hazardous waste awareness for years to come - King County, Washington",2026-09-05
/dept/dnrp/waste-services/hazardous-waste-program/news-events/news/2024-08-12-cleveland-high-school-collaboration,ru-RU,200,200,2871,2871,True,"Partnership with Seattle’s Cleveland High School builds hazardous waste awareness for years to come - King County, Washington",2026-09-05
/dept/dnrp/waste-services/hazardous-waste-program/news-events/news/2024-08-12-cleveland-high-school-collaboration,so-SO,200,200,2871,2871,True,"Partnership with Seattle’s Cleveland High School builds hazardous waste awareness for years to come - King County, Washington",2026-09-05
/dept/dnrp/waste-services/hazardous-waste-program/news-events/news/2024-08-12-cleveland-high-school-collaboration,uk-UA,200,200,2871,2871,True,"Partnership with Seattle’s Cleveland High School builds hazardous waste awareness for years to come - King County, Washington",2026-09-05
/dept/dnrp/waste-services/hazardous-waste-program/news-events/news/2024-08-12-cleveland-high-school-collaboration,vi-VN,200,200,2871,2871,True,"Partnership with Seattle’s Cleveland High School builds hazardous waste awareness for years to come - King County, Washington",2026-09-05
/dept/dnrp/waste-services/hazardous-waste-program/news-events/news/2024-08-12-cleveland-high-school-collaboration,zh-CN,200,200,2871,2871,True,"Partnership with Seattle’s Cleveland High School builds hazardous waste awareness for years to come - King County, Washington",2026-09-05
/dept/dph/health-safety/disease-illness/hiv-sti-hcv/hepatitis-c/dashboard,es-ES,200,200,3082,3082,True,"Hepatitis C data dashboards - King County, Washington",2026-09-05
/dept/dph/health-safety/disease-illness/hiv-sti-hcv/hepatitis-c/dashboard,ko-KR,200,200,3082,3082,True,"Hepatitis C data dashboards - King County, Washington",2026-09-05
/dept/dph/health-safety/disease-illness/hiv-sti-hcv/hepatitis-c/dashboard,ru-RU,200,200,3082,3082,True,"Hepatitis C data dashboards - King County, Washington",2026-09-05
/dept/dph/health-safety/disease-illness/hiv-sti-hcv/hepatitis-c/dashboard,so-SO,200,200,3082,3082,True,"Hepatitis C data dashboards - King County, Washington",2026-09-05
/dept/dph/health-safety/disease-illness/hiv-sti-hcv/hepatitis-c/dashboard,uk-UA,200,200,3082,3082,True,"Hepatitis C data dashboards - King County, Washington",2026-09-05
/dept/dph/health-safety/disease-illness/hiv-sti-hcv/hepatitis-c/dashboard,vi-VN,200,200,3082,3082,True,"Hepatitis C data dashboards - King County, Washington",2026-09-05
/dept/dph/health-safety/disease-illness/hiv-sti-hcv/hepatitis-c/dashboard,zh-CN,200,200,3082,3082,True,"Hepatitis C data dashboards - King County, Washington",2026-09-05
/dept/elections/korean/about-us/leadership,es-ES,200,200,1534,1534,True,"경영지도팀 만나보기 - King County, Washington",2026-09-05
/dept/elections/korean/about-us/leadership,ko-KR,200,200,1534,1534,True,"경영지도팀 만나보기 - King County, Washington",2026-09-05
/dept/elections/korean/about-us/leadership,ru-RU,200,200,1534,1534,True,"경영지도팀 만나보기 - King County, Washington",2026-09-05
/dept/elections/korean/about-us/leadership,so-SO,200,200,1534,1534,True,"경영지도팀 만나보기 - King County, Washington",2026-09-05
/dept/elections/korean/about-us/leadership,uk-UA,200,200,1534,1534,True,"경영지도팀 만나보기 - King County, Washington",2026-09-05
/dept/elections/korean/about-us/leadership,vi-VN,200,200,1534,1534,True,"경영지도팀 만나보기 - King County, Washington",2026-09-05
/dept/elections/korean/about-us/leadership,zh-CN,200,200,1534,1534,True,"경영지도팀 만나보기 - King County, Washington",2026-09-05
/dept/executive-services/transit-transportation-roads/airport/news-announcements/2024/20241123-galvin-flying,es-ES,200,200,2279,2279,True,"Statement on apparent closure of Galvin Flying - King County, Washington",2026-09-05
/dept/executive-services/transit-transportation-roads/airport/news-announcements/2024/20241123-galvin-flying,ko-KR,200,200,2279,2279,True,"Statement on apparent closure of Galvin Flying - King County, Washington",2026-09-05
/dept/executive-services/transit-transportation-roads/airport/news-announcements/2024/20241123-galvin-flying,ru-RU,200,200,2279,2279,True,"Statement on apparent closure of Galvin Flying - King County, Washington",2026-09-05
/dept/executive-services/transit-transportation-roads/airport/news-announcements/2024/20241123-galvin-flying,so-SO,200,200,2279,2279,True,"Statement on apparent closure of Galvin Flying - King County, Washington",2026-09-05
/dept/executive-services/transit-transportation-roads/airport/news-announcements/2024/20241123-galvin-flying,uk-UA,200,200,2279,2279,True,"Statement on apparent closure of Galvin Flying - King County, Washington",2026-09-05
/dept/executive-services/transit-transportation-roads/airport/news-announcements/2024/20241123-galvin-flying,vi-VN,200,200,2279,2279,True,"Statement on apparent closure of Galvin Flying - King County, Washington",2026-09-05
/dept/executive-services/transit-transportation-roads/airport/news-announcements/2024/20241123-galvin-flying,zh-CN,200,200,2279,2279,True,"Statement on apparent closure of Galvin Flying - King County, Washington",2026-09-05
/dept/metro/shareddata/breadcrumbs/fe-app-breadcrumbs--schedules-and-maps,es-ES,404,404,0,0,,,2026-09-05
/dept/metro/shareddata/breadcrumbs/fe-app-breadcrumbs--schedules-and-maps,ko-KR,404,404,0,0,,,2026-09-05
/dept/metro/shareddata/breadcrumbs/fe-app-breadcrumbs--schedules-and-maps,ru-RU,404,404,0,0,,,2026-09-05
/dept/metro/shareddata/breadcrumbs/fe-app-breadcrumbs--schedules-and-maps,so-SO,404,404,0,0,,,2026-09-05
/dept/metro/shareddata/breadcrumbs/fe-app-breadcrumbs--schedules-and-maps,uk-UA,404,404,0,0,,,2026-09-05
/dept/metro/shareddata/breadcrumbs/fe-app-breadcrumbs--schedules-and-maps,vi-VN,404,404,0,0,,,2026-09-05
/dept/metro/shareddata/breadcrumbs/fe-app-breadcrumbs--schedules-and-maps,zh-CN,404,404,0,0,,,2026-09-05
